cookie_id,score
ck_315fb710a0e371e7,0.0014246546453668316
ck_a76ee3b3e3e522fd,0.06562256781075973
ck_94c9a4d382689e82,0.02062786216366221
ck_8eaf9509ad9462a0,0.003229065102879076
ck_9a88a5a989cb5bc6,0.043009472993599
ck_15239ef0689c1a35,0.014918631026555865
ck_8de69cd219d3b87f,0.8000780922262709
ck_f92cd37022b0ce21,0.015020930711296981
ck_1a3ff7620580a514,0.008006863307908703
ck_397c03aa33a57310,0.056428733707425315
ck_a7cf6c3b322f6b7a,0.020544986192045422
ck_c39a9e75760e3201,0.004913982555314677
ck_88ab6d245228c38e,0.0012995518026103884
ck_17733f75ebdea93e,0.0053281112949181125
ck_58eb871e8d7bed52,0.17956706998096036
ck_e55b7fa67db1ec27,0.002012644165504076
ck_62f5cfe22c952694,0.0080754405645686
ck_7fbb709a0fe95759,0.0021822824725252973
ck_87abe9cd066a20fb,0.048503528563902394
ck_d58e058b5c553dd5,0.008963757376138803
ck_d27b872648b71202,0.004324604855944636
ck_4b4a3c5b95c55b43,0.0012880152047700885
ck_66dd4f4b4127256d,0.0019701036010432065
ck_93cc12703b500613,0.03551835518417017
ck_d28806a2179092eb,0.9904066063623108
ck_0595c2a0c7881e05,0.014168790703135713
ck_50087d8666191144,0.2724649645788938
ck_b08b3f089138c901,0.011519141766355961
ck_fe3b67041dad2dd1,0.0019343282267714832
ck_8449a28f7d475d93,0.020048129724950143
ck_8642e3b6d84f49d3,0.015530090489906147
ck_e49b5e4f2f2e79db,0.4513138279053662
ck_437afe412ea4259c,0.07197400307139726
ck_569b83668d74042d,0.6769009090977436
ck_233a487d31c3e631,0.9947705703670936
ck_1fca72e03143a645,0.9192092041208498
ck_79205e31223df2ad,0.011210807283171153
ck_9625a64406ea16e3,0.003669711453966519
ck_079bd18dacb704a8,0.06241932172739302
ck_4db6d4fd2b49aa81,0.009501076891905285
ck_0dbefdac0a1868fb,0.002508637168975713
ck_24ff97ad90bdd69a,0.02626260251197008
ck_77f8c5042065d506,0.007702191854332324
ck_f11be8ce05382cec,0.009561816738715442
ck_c9d72140b0389216,0.01693902300639758
ck_69eda24e931fb36a,0.0016849465614269048
ck_ed471e496916ee15,0.003956699369222507
ck_ff090498c4b17ac3,0.046232468331613444
ck_c3c19d6a0720915c,0.0016209140387122008
ck_af02e1817cfa40b5,0.038519284342226096
ck_2df5a9fc87553eb1,0.009478263954114895
ck_4ac918e884cff336,0.025348151741687367
ck_ca149244b54ef3ad,0.0010925444546203288
ck_6babe5b8674ff51f,0.007614189929980081
ck_1573878386886290,0.005905417447106211
ck_3925f8565abb7fe4,0.005814312561514566
ck_c4de808ae69c771f,0.010353094373332657
ck_a777c813551281fe,0.00806539615080678
ck_df4424f6dd85080d,0.02905083496765398
ck_85e5494ec20383ae,0.014410405538238339
ck_f71a4094e889c3af,0.004111733954545891
ck_f2f3cf9cd23b2809,0.026738199937906243
ck_18e2076397bcc211,0.06664144193106537
ck_c9f9fddef39bc664,0.019163664055795438
ck_7e826e233d6ea028,0.009104485305825707
ck_62fd7eb46bee9210,0.012444926343718592
ck_206f8e3cd72768f3,0.025081181094920774
ck_aa295a11b0a6ab36,0.007607521166897662
ck_9a56739d81f84a53,0.004579451023000619
ck_aa075c418ed9fe5a,0.007707741967810728
ck_62b9fb3db284941b,0.011204798502405867
ck_f4f83b1403ebea46,0.018926694414684166
ck_16b66bd803288bc3,0.5862262231871783
ck_c4ca1434f3778f1d,0.9952772366747549
ck_1b823610371a29c0,0.008076004733776586
ck_c2bd5a722aa637d9,0.007837736406920223
ck_7890208951df34f0,0.017667786536513175
ck_020eb0e454524ecd,0.0033725305241446213
ck_3b66196ccf436c35,0.008800921832275488
ck_109fc467ec0a4af5,0.08452627136248048
ck_f3dcd818db92de7b,0.010413805448599822
ck_31e7742f160980ef,0.012411338855102491
ck_77fce5f86f00b8f4,0.21407413678163945
ck_46bc797b4d07d607,0.0024267646728497656
ck_37899b1b571b1c6b,0.00748903085482612
ck_ef8a6af43fedd464,0.0034671909105093257
ck_bcc8519fe8521038,0.027175142262988956
ck_90696b7182dd9129,0.005438711349275605
ck_4a24ad61d017e1ba,0.041705254697551736
ck_0acc3d8c67218b9d,0.005476308620397452
ck_05c97fc9de11aba6,0.5514100132294225
ck_f8ac3a0500c0ec62,0.012396895149752386
ck_617b65141f546a1c,0.004469702489846325
ck_9d00823bf60388d7,0.022160461156526534
ck_123c15d93f1840f2,0.0819063306192149
ck_573feefba6bf78bb,0.04145523839300594
ck_b25657bd16739036,0.015677582268718165
ck_bd26d2bef14a8597,0.004572476726304773
ck_a553418f2fba1440,0.007573073833026876
ck_89f3e380b0686963,0.0029783350550683374
ck_b359192aa659bdce,0.021266995619589626
ck_02241f3dc301bebf,0.009531166462651938
ck_5ccc1a1c78cb33ee,0.034558559036451796
ck_349cc5edda1b8853,0.03068912453123765
ck_e9f228845bf6e28b,0.037045049237499156
ck_0a45d033d4e280ea,0.026960050370434464
ck_7e63168dda612235,0.025430233561539978
ck_676fa5f6aae5475b,0.008377052501653902
ck_74b502b20690ccfe,0.007819240572686636
ck_073509af21dd7f5f,0.8882141903198595
ck_498a0acd450944d8,0.0024270889826780253
ck_7f15b50b29dead01,0.009097151620945827
ck_8089fe7403c5f537,0.008118243979903057
ck_05b2b04e11d9ae9c,0.008875506341369485
ck_31e70f2f04b48b88,0.0018248224794976502
ck_994316fa5a02b319,0.00137375192390588
ck_b76510998b9a2260,0.01533227071585724
ck_4db95c310e105d30,0.0027162559962404477
ck_6f730b77dc6cdb84,0.027351216518797412
ck_2493ee8e7b91d304,0.02798969089392855
ck_92d679d6ac7dcdcb,0.06471264581597556
ck_3a0e0200cbb185cb,0.017384732239104667
ck_0b2eeb4e00ff7955,0.010823097674356182
ck_9843d0e61c37ebe8,0.9895005399874119
ck_e61c8721e3ef1921,0.013292180717655623
ck_2e0eedaaf2980c2c,0.011857788100309748
ck_9036b2e5e9298a34,0.005044732817139464
ck_3265442528d51728,0.01272186067499047
ck_f2ddae2eb1cb29b4,0.008553146307480561
ck_6cfa71d27fc27f92,0.017428526652892445
ck_f3199fbe84a28b9a,0.03165822248207476
ck_b78d785ca3ef773a,0.00869586778335288
ck_374865697f1480eb,0.019827149233394147
ck_06d0e4a9189302a9,0.050295168665459716
ck_9c9884b9bcaa552e,0.08274297147822886
ck_fd4cf578e87703ff,0.018612369903872238
ck_1917ef3e6e345549,0.04906449606801843
ck_e70418b00cbbbac9,0.025966571820416645
ck_a60388296a47062c,0.019840441501848355
ck_d598fe8d2c779ab9,0.0374122644219227
ck_646dc03de4c31803,0.7809721709952342
ck_e4fd8cbd842b6993,0.0035094108279823824
ck_2225b555aa2a42ed,0.023242638881416214
ck_6be8ae9d78148882,0.009067010331884274
ck_4199342d3aca74e8,0.023542201225104257
ck_779581adb573261f,0.006731193522076833
ck_bb303568b6915205,0.12279480403792017
ck_17c4296276448afe,0.012404758451301505
ck_a60a61ac829252a0,0.005824181503901094
ck_6ea70950c1cae00b,0.7503060076265091
ck_1abb93f6924645e1,0.021582923755266385
ck_faab769cce19879a,0.029218772299445903
ck_d5b8e74e7ca6355a,0.01321826527270639
ck_f11f7691af16ad07,0.0027037784003925546
ck_188fdf2be7c92e9d,0.9957239310170853
ck_4a103f8254b366f7,0.008799443802251748
ck_bfa17a0b1760e616,0.002209559077203135
ck_a4d7f6a5869d440a,0.9443211264738197
ck_58e20f5a3e7f11b8,0.5557895700743511
ck_4becdd3d2696c7ba,0.0055109516140259005
ck_dad5cf32ab9f243f,0.008321349749933723
ck_7d9f73dc7c4f90c3,0.05418146266307672
ck_c19371047a2d011d,0.0022869614474673415
ck_247589ff532f7aa8,0.013144206839640103
ck_7a9f241d5f082567,0.0054061553141672
ck_0a2b7078736b4dda,0.013495282422478452
ck_687b412e2aac7eb6,0.01820564304323505
ck_fce0b6855886a0b8,0.008825103862727222
ck_e291cc60920456d0,0.07080874046935365
ck_04219a7ea798db51,0.038122800930137445
ck_286bfd719836e9f3,0.07296316212596765
ck_55efc92394fee232,0.05016097080126954
ck_e36c8da1bd359960,0.06828788516245009
ck_34b0988a97d96902,0.011462879249186847
ck_e0fb11fc9dcb34e6,0.011211212499124167
ck_bcc9cbc9ed8b7c31,0.01022512838970066
ck_3df8da6f60a89a5b,0.015328570892504138
ck_b1495ee5c59a6b28,0.014006954362872881
ck_58f4c3ac61fda129,0.0557744249141639
ck_735f244b99e3aa8d,0.010741579662006189
ck_6b93bd8abf87b1d6,0.9824159890236073
ck_12107dacc6d05bd1,0.0027749931762263962
ck_f96db2a1f3448d1f,0.006801193031014717
ck_8fd91a3c99e19097,0.1297712933381958
ck_910205d25388a0ae,0.0021027423324126416
ck_d229dfa0e4442628,0.0017218605140648738
ck_7cdec61e1c488798,0.11521534756755732
ck_f66f06e24ff32671,0.033160967608401586
ck_350bf14e90b503f5,0.012622211300856315
ck_61fff5fdaadd394b,0.004990340736177659
ck_e934f984bad2ff91,0.9594522628364115
ck_ff6a6d3547dd2d37,0.009399967571330966
ck_65ad9b15979e3247,0.007758467388571551
ck_bbe1a2ea5a403ad8,0.443319409755137
ck_6f3a28eecd2c4031,0.01927561258791091
ck_a89b66665714058f,0.007231634507408154
ck_918c92182b6817cd,0.011315115735425223
ck_64f5eb4be9e7b8fa,0.05645833380309079
ck_d021fd497ea35fb2,0.01154208635314238
ck_004de16f7d8a42ae,0.011830545638760674
ck_a33d2325f86ab12d,0.0021264783689560183
ck_89790ff26c844bc6,0.013016740654867489
ck_e6e7257377c37b28,0.03783807959719397
ck_a2cc3910a641a808,0.5434415062509359
ck_646e270e0195bf05,0.006633524486732347
ck_baba5d66def0d770,0.042544492303949036
ck_67cdcdda3033842d,0.16875847774225938
ck_b5c3075c811a2216,0.018107577407439554
ck_515379973a8044b8,0.005206431213966409
ck_c0ce85fb4109567d,0.024327412910709795
ck_fef850553862aaca,0.014456229059566351
ck_55d7217b0aff9fa2,0.0041138692502745875
ck_8e139f8925ef7968,0.007765074067420331
ck_9e35b908fca1e4d7,0.0029243575549648855
ck_59735f4ab2ad3da5,0.012941345516954184
ck_dc569c1167ccec0d,0.8858421043667155
ck_1dade5592f90a15c,0.018203091433752525
ck_793048d11fb8b328,0.19207415368281017
ck_545b71eb4fa594b5,0.0033235413398513417
ck_bd30853e9a57b544,0.016599136284214142
ck_59f46321ecf6d306,0.009321334524597859
ck_260cfe9141d249f1,0.45146333437557723
ck_3365a0ad1a8aa83c,0.005745330328766851
ck_b0ef193195a2138b,0.010501876502062506
ck_0f909705e2e60f2f,0.0033359498083461907
ck_5a540b75c866166a,0.04019347784089955
ck_87c26b2f41025109,0.9823946062390052
ck_27acc9f320cda104,0.12114635502023115
ck_a27bc31eecd9cb9a,0.01411740312617861
ck_115d86fabde77b65,0.0016566043913208365
ck_eeca179341d56f8a,0.8674878653479707
ck_8e5999c436cf037e,0.0021500161563427615
ck_510e7c5df1f95d90,0.9961905069488831
ck_f1acf73363925958,0.016388587168215278
ck_3c177f5970b68bd3,0.0058288886918010496
ck_9cdfaa1c30cc9d32,0.0029974235305969235
ck_c8efa1538b37c359,0.007612180366135245
ck_a8a2e296f9804bd7,0.017383919214316923
ck_91a0ca45f429568d,0.016122899705187852
ck_5fdf8a0bdbd3ed62,0.013313950180930609
ck_0f4e2ec66d50da5f,0.004537526920996928
ck_28c53b214b2ee882,0.0671136748775017
ck_003148504557f720,0.04126103546232253
ck_01d840cffb870615,0.2861318919728167
ck_555848d51f4b5f35,0.007892370160334564
ck_df20cc23b8fb8e22,0.013059783017728085
ck_f9604adde929beff,0.005675538143724962
ck_d66952b03591bdec,0.004563837362825913
ck_ddcac1ab765ff61a,0.01719487127815779
ck_347386629d96c664,0.01277111379022902
ck_ab01db9117acfe3d,0.007817613802239018
ck_58e5359efc52e0ad,0.005378000177517446
ck_1a524b5cc8da71b3,0.01933924010932988
ck_e9287b6d909d731f,0.005681281412015748
ck_bb41a66e3d90263b,0.16042268423901263
ck_e95c8cc1864bd584,0.0037895146952388664
ck_7a3f2961e9a8b6dc,0.006398709260399109
ck_378a9df82b1e0bee,0.2267122308363119
ck_42633573639a3f02,0.9892874857901048
ck_2a5a4c18c2c7274b,0.02071637277259001
ck_77549c1a41f837c3,0.013210588155324415
ck_a26704b5b26258b7,0.015827306275479364
ck_9874ad160efddf50,0.11632698533744204
ck_9111e3a04b14dfba,0.026679224968906436
ck_651e076ee43aea85,0.00659210099899607
ck_391639c0f13932f3,0.0015933911268928378
ck_02dbabda93c8c13d,0.017988299696135315
ck_0adcb1fffcb0a34b,0.019062852383171985
ck_7a43ef9c7b1c67b5,0.0014476109408142284
ck_4b9dd69946438d0b,0.010817847296969569
ck_90bf017cdd37b66e,0.05108896984965898
ck_61c74163eb36556e,0.007152307444446193
ck_13376c59b5bd6943,0.0014464455695720171
ck_62337eccb1672737,0.007503320224613362
ck_16077934338472bf,0.00236310142106804
ck_0d4dfd93086e7330,0.01418963800263793
ck_3865b7525b910893,0.05471031131092487
ck_7e2ae8b69ebd5675,0.0078000394003979664
ck_b4384b6c11766ce7,0.006596584383780155
ck_3d7fa32dfb9fc692,0.0567507894773294
ck_f4a6a7cadd6e0603,0.042322141576667194
ck_212525e2828a6c45,0.009119419233064497
ck_33ad8d53394ba77a,0.8451574056579487
ck_a5051eafe8b51224,0.005772301800966366
ck_f65e5ff7da565f91,0.003770204242227747
ck_5c37f7563fa7591d,0.010671461403293428
ck_f1e0a006068aff29,0.011960435795583566
ck_c646cdead6fb79d0,0.01465643146311454
ck_f8b3cdffef535330,0.12946565243539546
ck_e5cdbe3aa12c97f6,0.010920012433205
ck_986e4e61440506d0,0.34735991948923484
ck_6da9c5912e15d9a8,0.006787355220411878
ck_51d842e6dae74c71,0.009518757675841458
ck_5fc65c24e0736d5d,0.9899557241228835
ck_babb95a76c69509d,0.019152543742094817
ck_86a2d852a9715432,0.02030800304125734
ck_db4083a0d043def8,0.1340462017563596
ck_96953b8945b7d403,0.012707606606353228
ck_7831ca5c31fb3859,0.11099940850273296
ck_60ac5e5f375daa38,0.0044655287705698075
ck_05d44eb1f5f085ce,0.028461050877483796
ck_432cc19c7eeaa46e,0.018346049897840274
ck_7fc513033af061af,0.11993191047512416
ck_ada6ede84c111719,0.013382193718495842
ck_6343e0d3b1c2962b,0.029743786437140513
ck_010264ae04f2e902,0.25522984022766704
ck_e9dcf535f8c289eb,0.06217127790366864
ck_37143d9cc296e6fa,0.010554965956551105
ck_61fa051192f3e810,0.03609543654650259
ck_f9f93d1d41be1468,0.6143143053483273
ck_c4f4f28457be8a74,0.0023124607780795384
ck_323a71f9452d21cb,0.8883362441156217
ck_170f4688e0acd875,0.555409159898669
ck_869b1878d09d230d,0.1896453010708017
ck_2f6b33bf46976229,0.002232582682885703
ck_b11e22e75d9b99de,0.0019323769584318638
ck_123d75ffb75b606d,0.012138119450697173
ck_94295287a04c85d2,0.2989163223213044
ck_1b0434f096795328,0.0025343014162350396
ck_0a4e191cd0a57ce1,0.0032872561350482657
ck_d2fbd0df99634676,0.023283715829605048
ck_d51df5e9fbbbcc94,0.034472300800354905
ck_2d3d7d64a6f443f8,0.014517330423788645
ck_731943c682c9394e,0.006751653242248259
ck_5ccc0c94e5e1f849,0.008497097302531727
ck_c3476080516db25d,0.011848826633719877
ck_5010ffb1c94187b5,0.0020708443319253657
ck_7ef666d67bc70223,0.014278529574601958
ck_c1b493527224a27a,0.003203919142699488
ck_5d1e25d7acc5af9a,0.011077191764003255
ck_ec30b61cbf517db8,0.003673490089659259
ck_79323eb5d2e5efae,0.00510001888363483
ck_4085cd3bf2661518,0.009089984630837478
ck_2ca91214c357c072,0.04822658763673484
ck_7f3132d6be389657,0.07621339233669268
ck_e7a6b925c8f39a85,0.015139493057247499
ck_c886adec7bac250a,0.01707006599877812
ck_c3f360c2d0ea0a37,0.00578273373186877
ck_a7acd5b015823793,0.013914546326296538
ck_9d64187c0800f84e,0.018548332248889757
ck_5d4ed73b9efd7d11,0.008095163432172573
ck_874eca6776b34dec,0.003556722267321942
ck_96a9221a87be93c3,0.02682675253710612
ck_68dd79a51eabf5e6,0.03586540104643956
ck_8311cb6755b2016c,0.008703483062401698
ck_16fc77b2bcf5ec03,0.9709173965666276
ck_ad9e2088a33c8c72,0.0010294804143624941
ck_7176bbc97b1e42a1,0.0040358702717555855
ck_80dfa54b30f65fff,0.8190045834881399
ck_31c54d540b128843,0.0045801133575522485
ck_43ea894480567274,0.06702781246382972
ck_9c9e8a38bd5a6c88,0.015382452750457408
ck_1c2dcae19539e148,0.024203977643063698
ck_b0fa8b84e94d8ae0,0.012715968180394634
ck_4ceb43ccd0a81c2f,0.008116293560849256
ck_ba845332b730b596,0.0028515709617272875
ck_73d3e8c6077f61e6,0.0465790391451148
ck_b5d0d223ef56473f,0.027018226053074097
ck_949f08f8e80e93ea,0.006447300376520138
ck_73de0b49709e5f8c,0.0034894928636320962
ck_b5935e9722a39819,0.020548165778269848
ck_96247fee0eb44420,0.002989015050185678
ck_a6def1e4b2d57e0d,0.047534655842712506
ck_aecdc5a96321a2d8,0.014499582721536494
ck_bc61c59970f8de49,0.01147126195118941
ck_c43b4175fc9ac5bd,0.9308119636721937
ck_8ff7a9b23a55fd62,0.008100261558448195
ck_20c99b645f462449,0.006309934045561236
ck_a5ce2ae36fb410d9,0.002987927231253506
ck_96fb9bf556842bbc,0.01588760284176486
ck_b5e4c6dbbed1b773,0.019833881832006885
ck_2085433978e72ea9,0.027113034024176044
ck_2c6b174b063ec637,0.009652402910750962
ck_b20b81b88dabe28d,0.004111963271388144
ck_243c18dbf150831c,0.003502199359979304
ck_2bb6a17e8eee35cc,0.02128182029787884
ck_66147fb994495396,0.16917322925079722
ck_73f124f075ede0fc,0.01013136143805985
ck_2e315f1b1e533dab,0.004428268161096867
ck_16c7bf94ed3e7a6f,0.001826337288584417
ck_4a0eae220a762ac5,0.018051570710031644
ck_dc16f939c2f44ad8,0.041400420266747104
ck_817926b449754917,0.013308949659816131
ck_0c0dde42ab64ef87,0.01153975066140227
ck_cb3a40594da6a2ee,0.017965991071670774
ck_d0dc156441fcfdcb,0.0213222622862199
ck_66f0945add423e9e,0.005411068324108813
ck_a74f6a3030f5d495,0.021251122650595724
ck_1ae460f331e49ae2,0.09317590993912822
ck_2d177b2f4f0b40c9,0.12021033818926376
ck_92e474e4368c4791,0.15570799105344899
ck_3dee83fa2d109484,0.0018901809048900112
ck_80e5ea27848069fe,0.012072530523700862
ck_ed0c4a83701ca230,0.019403258079526496
ck_0b8b7c5c581fd161,0.0014600081651899063
ck_60bf8a2870956fb1,0.008842396507140879
ck_73a54b56a2bf35fe,0.831834854437228
ck_2296d7a563424883,0.00785438540758869
ck_bc19c383560c7477,0.014406651627881266
ck_861d8e3d88f1079e,0.04758339627093204
ck_3f090fc96c24eb28,0.004235172749340364
ck_9a6a1f8102febfca,0.025144994743069613
ck_541b6ad5d2fa5a39,0.004030285462843055
ck_a760d38d1bc4de97,0.002145074385075674
ck_7dca4d7ee10b4eeb,0.0024789191706660867
ck_15220e78d1545e40,0.1084409322525859
ck_ca24bb0de508efb0,0.05595272808617738
ck_56b389627d8f02c5,0.9804715346615622
ck_48a6754977a44db0,0.006328264991037902
ck_333a43ec339a04cb,0.02923599110461244
ck_f22aacaf86a65d7e,0.046847386261692714
ck_04bd8a1ffaf3ffd8,0.0030644406865775334
ck_2737a72de6b700f3,0.05587456349451117
ck_c35e03b0dd0c3454,0.012803307112338094
ck_e0571312f395cd94,0.009695768364112884
ck_09fab6b9825001b2,0.0024814357032261663
ck_18c3a095606209e8,0.013393335292569395
ck_2a97db9377d01e36,0.00861387410448633
ck_f29dbbfdd2786bd1,0.008224338414951855
ck_35d6c510ad29362e,0.7353784227009422
ck_5468fa99c945d785,0.029029475820875054
ck_6f8102f62c876cc9,0.02684550397890781
ck_91955aab3424ad16,0.0041253916060969694
ck_9a43c0c73a39d759,0.02326161727904247
ck_60b023af6d1e30bf,0.8303423806526118
ck_9704c5cf8659cedc,0.0141035134743411
ck_7e5f02b51b9f78bf,0.07567772596691884
ck_7d3a88d1aa649708,0.8084657440648506
ck_8250eddc1ecb07a0,0.07432725206612575
ck_d979ef95ee44023d,0.011079074341293751
ck_5e5461dac83531ac,0.012214351084605966
ck_d1bb8890081e0a31,0.06385018054509936
ck_32246c62640648d9,0.0023107773166473377
ck_77a40c7d2f862a32,0.0210183374991512
ck_1c8b94efe9238f5b,0.0025187785860099794
ck_eaf3b6d11bc3cb11,0.0027603129907852785
ck_a4a7ef3ad799c380,0.012561183798355424
ck_d5bd8f68da073cd8,0.0058758658881215495
ck_6e6258227fc8db7f,0.0023478298228990723
ck_c35d444e05799db6,0.013463241926665469
ck_74665e1209140ae8,0.0175523223738614
ck_353a272478f7e903,0.008151591151404802
ck_a2c9796ea229a4e2,0.003603814326860278
ck_e0171f91cb3411fe,0.013633599149434385
ck_703499f5410280f7,0.002834846037371523
ck_ae3a763997f8f385,0.022828041535729208
ck_f7ff94c3df5ac874,0.021213224157979334
ck_f3c16d8f747db046,0.0683893462166695
ck_7ef019ed77276496,0.015364255386956162
ck_d6a4faadab58a3de,0.006046919462053786
ck_ba7b78d31d74c794,0.01956323815690992
ck_36287d063350ce9d,0.003717510512030903
ck_5177fc7137ff26ce,0.002032808331300772
ck_dfd4e79aaa967b63,0.011637199674171591
ck_fb44d15fb93a7157,0.07085328734548142
ck_fca478361870a4ca,0.013997127585052139
ck_e57b94fe57341058,0.009240421652169251
ck_5448c946cc4758fe,0.013540675599722364
ck_c5ece5ffb8800ad4,0.011147555834641023
ck_11cb98211b2ed134,0.891215668899744
ck_f655399ac75c4450,0.022325897925048684
ck_c817259019588d30,0.014871941651406788
ck_8740a14d8096c6e1,0.020657992778503893
ck_0c5ba86f4e05b38d,0.009395412510578637
ck_ccc917533d4b73d4,0.009311503806201424
ck_9eb80edfa43203de,0.00665723698229918
ck_d1a1cf4cf61d6801,0.013117480405224691
ck_b17c239f160e6017,0.015037381084867475
ck_410c3e13b48e0415,0.005010793744780441
ck_ab553954435e8854,0.7635384740492558
ck_bdbb4230c91e1604,0.023060174060991704
ck_8fd4937eadd64fb6,0.006767318820787078
ck_e0e90b196bef3c11,0.002786652065161723
ck_3dc4d464386f0eb2,0.14307119015690328
ck_51bbbf8f8e8ad005,0.9953214902078702
ck_c05737ab74cf03c6,0.3274003050197899
ck_dceabbe04d99afc2,0.004861241386572678
ck_5b86fd14e85bc9c7,0.9015149203964452
ck_d4febf0083800424,0.025372175285778405
ck_77d9f86dcf251739,0.01024352021984696
ck_b4dcebc543deaafb,0.026392571883088543
ck_cb856e75c949b0cc,0.0010884436891100964
ck_61b067de8ffc1ca1,0.02497745366697985
ck_c0e8560ccfd9dd9d,0.003910710425643915
ck_173e1198c341087b,0.005379667024469853
ck_b4d55bc809000276,0.006257485950347679
ck_839bf139296b5cea,0.17830533948126676
ck_78cd402a2a4f2e35,0.003050898351287209
ck_c2925c50ebacbdba,0.004959509937262617
ck_5e3bc76eddbdb0a6,0.002837760646201568
ck_b7793edca26fc512,0.014270864787549497
ck_d79bdf04d6f31cd5,0.003971347705471793
ck_4b97d19ed946f503,0.02173565987994625
ck_37139b41c5370523,0.030941773587956616
ck_8c346eeefa9ce692,0.020927183961100274
ck_2ab7eddee2d8c49e,0.004435208976103697
ck_29da59ea3bffb9d8,0.05114252530968111
ck_c1d05ef0ec6e4be7,0.006308029134334523
ck_3882423b449f6291,0.9631803368368543
ck_5647030283171ed5,0.6331287410272065
ck_efbdcd9c181e72ca,0.010365741921736747
ck_192fdad892782daf,0.1180502457762011
ck_0bf2e13b9f2601ac,0.027785933714393203
ck_3d6046a533057795,0.011754688760707233
ck_279a1d3a3836e5cc,0.05353106543335256
ck_c375e929becde422,0.006077849652193994
ck_a59e90219939a1f0,0.0060260003646813096
ck_4e9fba1ec54c3ff8,0.01434120889732307
ck_bcbd8588a13f5eef,0.007168269376978905
ck_5f9a7ff990341bdd,0.004296169592944123
ck_e0403d507519b7d2,0.005047116882257924
ck_c9490cb61aff5112,0.06428482681400288
ck_41dd44308e6a665a,0.09187102414646173
ck_76c23726cd7ca947,0.008661428626758415
ck_9be551300209fa83,0.009087988707358458
ck_a98848eec6c9581e,0.016170135927880008
ck_61176dafb33b2d8a,0.5151598551175881
ck_92de019e05971ce3,0.024031342309614453
ck_5d644224135d7c65,0.0348660010701063
ck_c767fc454fa215d0,0.005334449894393191
ck_5df85a8924e11f27,0.014846122415314147
ck_da2729307af06ed5,0.03521514541765065
ck_7c6b577174af7a78,0.012472242975444262
ck_893b8afbe11301e1,0.007394238645500947
ck_e06f6fed020ae014,0.013055076540007182
ck_386680372fb54857,0.0051090988858551725
ck_7a7f3c4fe0c9d2ca,0.005011326586596224
ck_f908b527c4db422d,0.07872981565996054
ck_ec2eee6a133e9a6f,0.06789441013568055
ck_d98934f9fe0b02b3,0.003444552094599188
ck_398a1ed77b0130e5,0.008433459301589473
ck_d960af7a55b892b1,0.010578648510368669
ck_4637e54a9f79e2e7,0.006283452233894655
ck_02b9f418524f6650,0.012626063020171411
ck_d4b23804cebb045d,0.010076742934987311
ck_35b1939c48182a9a,0.025473516258336607
ck_2dcbb71e39d64305,0.016907186839597868
ck_47a884dec960ff2d,0.015231112344805278
ck_71fd8c346fde5cca,0.07206461191569646
ck_98e1992ac8e7d2de,0.03181854354205346
ck_ae7780327e210522,0.0111352060516522
ck_e6c584b4b1ad6d9d,0.0064200562417406825
ck_344b2e326a6c3dcc,0.0042210441674731085
ck_9aa899a5230b0963,0.020251304923092014
ck_e48d14d5b70ef5aa,0.09800970241218523
ck_59d380a0973b3951,0.012438158584733981
ck_11318f7c041a5ba9,0.006360917886631299
ck_7061786fe2f22f5a,0.02043682909064887
ck_e77529651c416cf7,0.014982278813461612
ck_7f79878197340435,0.012036126458880856
ck_b0a0fb0ee9ebf106,0.002976033119770464
ck_70c7679199776a90,0.0134635020104944
ck_b9facd2210daca5c,0.04057973516981444
ck_9949f53c155b8dde,0.01846570804165948
ck_1c607e24f2c4397a,0.030536461571406832
ck_aefd1ce3ce093cbd,0.002556494449130994
ck_5a29b7018e43280c,0.002229924878373057
ck_69eb0b2ccfbe5f95,0.020597964108345836
ck_fe037765aa465c58,0.010583544060885805
ck_5e512ef5362a3dd6,0.0033917355862533387
ck_544a9e80b7fdc279,0.0029856689865636514
ck_7825494e654d5695,0.011932630775229597
ck_f1f2c3c623553f0d,0.0029778555567510855
ck_52730906e5b461eb,0.8591239616145572
ck_01e0689157fe9617,0.1981635608616829
ck_9da82e567074da9d,0.014514733227743173
ck_6a17384072f904c0,0.007480188893427733
ck_8d84d771a21942a7,0.003243728850164111
ck_39638880292782a7,0.014722352880953235
ck_7d51c86e0eec72ac,0.010883264696412927
ck_45f4c821c70d134f,0.37545990463063583
ck_0af3c13ba56ce57c,0.0032554038917041715
ck_0789a05e061b2784,0.13403239777897571
ck_6ba091eb42ffa9fb,0.10477611552321692
ck_265accb3c5c32620,0.056449960684046126
ck_179039559ff7566c,0.01638930876513297
ck_17c0a6a92b5765cf,0.005731333787780718
ck_59371c9140239fd7,0.008562799019818934
ck_f9c4f8b4ce2691f0,0.015800004926887094
ck_a2637e4872cf4811,0.09130437932104363
ck_1de43fd6c6c22a5f,0.041656765670166296
ck_6e4f31bd108571f0,0.0025741862516292617
ck_da06d97db0b18851,0.002152401105940858
ck_e0346d5081e640e8,0.020165926011276078
ck_c1c7d4e62c9fcded,0.22271404365341668
ck_2595669e421299f6,0.023612966356759968
ck_3b6057d51fd4c7d6,0.00199641843595881
ck_c5f8ab515840a0fe,0.01330545633999768
ck_435cb24538c6f77c,0.03210248820223018
ck_d84b5403da4cea7b,0.012929863633069624
ck_c2b61a98d1c8f6dd,0.5763343083325532
ck_c9dcd92b2f836b61,0.13473975941550986
ck_9eb5b3f5f672c2b1,0.002828802817983085
ck_e4cf189a8d31649a,0.004969470331092105
ck_6b114f2a48152b96,0.003414672136404482
ck_3fb95862b70f505c,0.04354221879761156
ck_7f780f465c29398e,0.012419777687719534
ck_ee387f9da79e67ea,0.018938903484703007
ck_fa3b1e85d27af2ee,0.04193819836860648
ck_e739eaaa7a1822f2,0.028537236589400855
ck_dfa0ac11fcb1dabd,0.005322855754718662
ck_6e8751b571ea54d1,0.00991012238550713
ck_2d695f8358383092,0.03976570057068849
ck_e7dce27edb700f27,0.015821364010700136
ck_e322da8b213eab52,0.003693955289487923
ck_d0b32e039abb8200,0.005080533687729313
ck_b354003302b272ca,0.004703520853813136
ck_f7485cba392bc294,0.11067571660990877
ck_d6a290ff8362c7b9,0.07746488635218561
ck_c56a44fe315c0389,0.008742120471394471
ck_f77dfe6512eae322,0.014885560526027197
ck_35fe969c58b9e70b,0.025989742171269484
ck_4c518637db2322d5,0.49755050830270786
ck_cb61902798ecc4fd,0.05931278908592809
ck_56e6cfa32156a916,0.005471366953538237
ck_343e6ed2b9d35c01,0.02391262698250803
ck_51440f64f7250ad7,0.03428731534266241
ck_295bca29c34cfe2e,0.06750380811963969
ck_dd30558576b45e7b,0.01657558206385525
ck_3a30132a57181fe3,0.022416563567289754
ck_4a733aeb833406f4,0.016252245000989502
ck_1b0b7c3d35ab1259,0.02628289970644483
ck_962c3bbf27cd4b80,0.031697276355204175
ck_9528e1d6b1707870,0.015374859993921195
ck_b3263e7f31aab45f,0.028234750831984918
ck_e69195a3c885053d,0.0028912606464621417
ck_a907fa8795cd4baf,0.0026003635329434555
ck_205c3405045bd835,0.009165529528489372
ck_e81fc223bed3c46a,0.06148298759934975
ck_363751deae40edfb,0.1132708367026066
ck_6176baea8cbebbb6,0.007553480235664229
ck_633e6579f5c74a5c,0.9617571143170818
ck_ddc11fc481eef58d,0.014875537036692315
ck_e975002c979e12c7,0.03960534293104703
ck_8e039b23acaaac00,0.04364519426849474
ck_1d6990d94a4d2ad6,0.035797401245458334
ck_e7b583acaa3171a2,0.0820762088758715
ck_c0133f60d39b2fb5,0.009176365524795265
ck_7d6bff85e7a694bc,0.0048403036597057265
ck_d305b4d82f63f647,0.006392313446788667
ck_22bd0fc71f95e048,0.027832698271731342
ck_9a65fcfc7916f93f,0.0026655629076220116
ck_d61c837b0106085a,0.0508237540200906
ck_be86a1db08dea456,0.024975045026011874
ck_90489c405e6886d8,0.00390723353046314
ck_0add2c321d579d75,0.018216478608536722
ck_482dea6eed92cbbc,0.00868533128645207
ck_c24b47184534cc2c,0.9826006247214416
ck_fa04ac31e596e7d6,0.029805478029342726
ck_084322dc5a3a86f0,0.006579183730259367
ck_ccb72a33cc1877b7,0.01341968433938659
ck_afaf374009d3b248,0.007668819205689985
ck_b53084ffede19a8e,0.003261663262450951
ck_4760216154c8cac2,0.6066498425470153
ck_37ad3a65db673e70,0.006998857317288141
ck_0c2932cc0d553694,0.012964449075991646
ck_86b853c52f20fef5,0.003507571821741863
ck_38703b7546d35a80,0.02001942490775612
ck_218b7e6e6dbd2da0,0.002648683124258062
ck_402db4184982fdf5,0.01283860804851003
ck_f917c82af80e4a79,0.05760178547025878
ck_3c6417a233c68c73,0.01718884189455496
ck_98068c397d70dd3a,0.026510576980820905
ck_b1cbd6679c0f8d95,0.006390326078994059
ck_9e962f9bb0e7bac2,0.016220754965542587
ck_b08247c3ad567d92,0.8557876465187004
ck_3ef7a03ebb81cfe3,0.0031275946397951553
ck_5d7ae0e3562e99bf,0.12430060791391066
ck_c91a628236baf91b,0.04838815305227477
ck_7f8e816ca51755e3,0.8230953310593518
ck_5aadd286d188f5c3,0.007357370670600055
ck_a037aff5f8128c73,0.006026102510791272
ck_5df6529ce8290906,0.00692462843751581
ck_5f3609511443e5a8,0.0052330651469792815
ck_a6f61864fac3c8fb,0.014043397377759833
ck_2733fc6ba23ae46e,0.02126024041531977
ck_22bfb9246646eb41,0.7549644155593851
ck_bfc2a57d8fd1610c,0.6512067650201712
ck_49839e761d0e74e9,0.0071331356261825265
ck_aa4ba931dd37481d,0.005586776658436296
ck_2f9fa0d61829f815,0.012682838642619619
ck_5b82c774df10d49b,0.002485315972048706
ck_411219470d0a195c,0.012127591616175654
ck_d07485ba10514a2d,0.2658263378228408
ck_219bef979ee21bdf,0.0024244295618989237
ck_eb1006e7285184a6,0.0260295026083969
ck_fd242b18575e3063,0.045408729926512605
ck_95188150ff059c70,0.10737966175136673
ck_a9ca2f447b984a6a,0.015920883842415447
ck_2dd39723c4088b64,0.027942030565108866
ck_aa2b4c662ff213b6,0.025424929310171582
ck_1867b1199c864db5,0.06216916494537669
ck_850ec97a5a0dab9a,0.019718794690334423
ck_562320295fa35875,0.005645042800481883
ck_bab5759b07fe2bea,0.0029197686847229083
ck_b9f1465d803e57b2,0.06225907018247953
ck_8f21f2690c32c691,0.0353797300283938
ck_df87d6f61a63eb21,0.007391345118068833
ck_770475876d0e7e6a,0.005681597456324985
ck_b4c014d5c0cc9eb2,0.0023627677496447616
ck_3add4d23124c9290,0.007336821359340637
ck_bce5b7fecfb6264d,0.08572346461980766
ck_604c17cb97dc89be,0.0250208371502159
ck_e52cbcd9aafd26b2,0.00845534095016684
ck_0ac9114076f5bf3d,0.00949142962883462
ck_dcc125b178b79566,0.0020331031081464107
ck_4e333c09f0c37dee,0.009669703942633893
ck_ff7e31ff8ba731e5,0.00633864377141452
ck_8d0532d24f1070d1,0.0014886700630704715
ck_3689fa41748a6f6b,0.08269682486354961
ck_7509eb97c1948b16,0.009561671508552602
ck_a9161cf1ca22a6bf,0.011432165885808141
ck_bed3e3db135b782e,0.04912144935349235
ck_9040edd974ef8e3f,0.38113463368823375
ck_fac32d76ed40f683,0.01632478894632039
ck_3d7b1078e2d57c69,0.00565975824959776
ck_dae09c4e074af5dd,0.03992593034470323
ck_fd84507228467b40,0.062016848276819934
ck_e2a2ce9b8cf44c63,0.04147017337394832
ck_cbe716f351d660d4,0.023062641909521554
ck_cba4162ef29a6d27,0.018246126483210626
ck_4f1e962ff8a29732,0.003402655460450855
ck_39a81899dded61e4,0.006888674744925937
ck_25382331551d22a5,0.027544624655711177
ck_6d64e1c07b19856e,0.008766787959824343
ck_165a868bdef28ad3,0.03754996026428542
ck_88774ae52e30e877,0.042079760579224176
ck_fc7a9d0643570053,0.003564637078099668
ck_c2017120b3b88a46,0.00633161494441971
ck_d115ac6b9fd62a7e,0.012442744573498126
ck_439cf7d51ec7de0f,0.01499137095400479
ck_2468a7e9e68a0927,0.006957148211974026
ck_7c418947124dee8f,0.043120080932057034
ck_fb0cf32c4a56f740,0.018664606939109357
ck_694eb6c43193afd4,0.006275200662115272
ck_993beb188dd4abb6,0.021998788723542894
ck_77fa39d3b733c226,0.1679245466890833
ck_49969a9abc47cb69,0.013381699882386008
ck_d3f44bbe2f7e9b2d,0.02503779657611264
ck_fcf5b8216d0c18ef,0.0027096632742172736
ck_daefe1e2d2bc362d,0.0043341476958116635
ck_9c9287cb28950eb6,0.02781267586583775
ck_c1d1a625b885a975,0.011807729119032133
ck_71b37fe47490b4ba,0.007857608910927601
ck_5d16e257c0635f7e,0.6894990522128897
ck_15918075563eb074,0.0031517986012675105
ck_9a15fdefc47e8d11,0.020417409834235768
ck_6f04d047d1dde75e,0.001652531059193858
ck_1af2c0b3b8d202c1,0.009087405334657444
ck_174be2231c5fd2b6,0.0029395648525321824
ck_bb0713a2a1d65982,0.014645919353975424
ck_0daec63bd5b0729d,0.011382547539262957
ck_c0b5cc3e8ad2ff44,0.031199010877401814
ck_35bee1fc12664644,0.07703602149900585
ck_a1c7cf63467df4c2,0.003969315817065317
ck_ecb1e15f0b185ceb,0.06309529877198598
ck_f280d31f54a4710a,0.02929452906642656
ck_30f4b2ee8abe1342,0.03356041136221571
ck_66bed631354de5b7,0.006499870092188938
ck_c2d3ecd7278eba2c,0.0020644068823237717
ck_e901dec0e09eccbb,0.0033281666509631077
ck_5d038ecb3c8748a3,0.0059935074807793524
ck_283c5bea94b21e80,0.004468221066828116
ck_7956c251b85f009e,0.8487725901911225
ck_9f5f81d771146aa1,0.002693703266938707
ck_9323e6fc1e168eda,0.8319381404660651
ck_10495d3a635b8d69,0.046104570156536226
ck_1982d571cd36eb0c,0.007412986836921979
ck_4f5d7985bcc2eda4,0.0035572644350637165
ck_7df526b2b4410bb4,0.015610168466089324
ck_dbb498b1a346a402,0.0022601372903295366
ck_ef059997563e3330,0.006445865767451535
ck_02ec4e06709e6b82,0.003524114162235201
ck_9782c86ba6485f88,0.0017166368610970135
ck_d69de468b44143ca,0.005989147636104492
ck_6430a8792f400e0a,0.00639420522191612
ck_8285bd3c90af94f6,0.01273280980784752
ck_985c9ca112000e9a,0.01981079074114596
ck_e679fbf4f4f4aa07,0.004663727597365228
ck_016e8c8eaf9d511b,0.05842583529945356
ck_bc996c523944644b,0.01592311705262546
ck_5b8315726f6204e0,0.010810261580072396
ck_78181f8e998e442f,0.0018216483497241643
ck_71c68dfd011dbbbe,0.9644779929559342
ck_db32c95ce2b6f502,0.8862998580962023
ck_755010362a9b1bc4,0.041466603865978224
ck_114141d85256c9ff,0.001507945537932459
ck_9d1a5cf5a3b87e48,0.008146012326022098
ck_ab640420858ab5c4,0.09721893151476066
ck_97a8dac48dd62488,0.09737482368251883
ck_879cc3166fe1bada,0.002627179964400982
ck_b0ed11080076e381,0.007679114418268823
ck_7334a9ec656263b2,0.00514941196739169
ck_6494f0ef13ce44d9,0.028440390884281838
ck_724e459b9ece38f4,0.024527357394171896
ck_7fd8b1470401695f,0.439961930204404
ck_292f81186358b0fa,0.007352774966511104
ck_fa7de64d37287615,0.02598021516109657
ck_d00e09e66ed6458b,0.09817388509495786
ck_b8d210e741be186e,0.0038840819968469407
ck_3db59982cbae4410,0.0837040278876329
ck_69887d0a9aaca6df,0.0013376623490449616
ck_4feb21e2fb0b3977,0.004296670461005877
ck_08c6cc1e143475e3,0.005648637610446743
ck_fe6e168cdbb46b9a,0.06263715268722911
ck_07f1734be7fac56a,0.031021122338271444
ck_d66d59981307db93,0.03303984096686002
ck_f928dba0d587d7c1,0.0031390150077693618
ck_786448fe3004cbd0,0.012303727448871279
ck_29ea329fa40ace62,0.012754388069639059
ck_7ea52b6f27edcb73,0.022481560987015668
ck_18bc51bbf3ef198e,0.02691797117411334
ck_44950df09ff14ded,0.0024745525403713597
ck_c1466b52c0a10b93,0.05958519287943963
ck_6cdac067cc4db5c5,0.06541819484491801
ck_53f55c6e8cf2d432,0.004257615844244075
ck_95945f48453ca532,0.021902364132667305
ck_87cce4126e215153,0.007057908823425531
ck_1ecd5516c92caa4f,0.0017812645310438572
ck_819b482bca14c068,0.8311124217176684
ck_a61a879dd46fc9f2,0.029153415395198702
ck_af70aa32c009c3c9,0.014384385082192874
ck_f4fe78e249092ab1,0.02578936018363429
ck_12c46bc52bf45b36,0.013657940448312268
ck_f05f5e4b40afa52f,0.03580236176321266
ck_0f8cb09d3f4fc980,0.057545605988127385
ck_80a64a7f0275a71d,0.010831261220104286
ck_683af7b1540a0b22,0.022932188642720154
ck_51fe0b613c076cbe,0.01223484391644624
ck_da1a2450219dcf19,0.07547967273157893
ck_2a7eba01ceba6c2c,0.05596388570173776
ck_4e329e29dfa743ea,0.28665244384594846
ck_0274d881d6db82c8,0.0038044097010605064
ck_0af5b7d128035b35,0.011832094083214359
ck_ae0a7be6b0a0ea68,0.012328860878330752
ck_de5bb7a4d091386d,0.26942191077049654
ck_2bb7c17168a9d17d,0.010584629092908882
ck_0ffdff7b2f5fdfe4,0.009498898406716139
ck_718a8390b3d42d7d,0.11791944344786882
ck_7c4f12d70f184533,0.0020541727675389507
ck_d3e2c26b8adff099,0.009270312496197027
ck_ac9d3d9754104cf0,0.0025075282728078347
ck_3b1766a1d51f8f0e,0.6668217265801472
ck_a9bf75bea912027b,0.015930806795380555
ck_687eab3ffe1f8cfa,0.053251067186903936
ck_25dd0b02af5b2f37,0.03709109667000975
ck_1747fcc466f0ae38,0.0021382835373436704
ck_f6e9d14dfb6f3c28,0.01836690631628885
ck_c6a7bbd0adc4d5f3,0.020493689056840098
ck_46656a23f4456d22,0.7442481883366475
ck_7519260415c2998e,0.02917553562223745
ck_754f30ea19df857c,0.034239620318763354
ck_ba88a244d5f7380f,0.00901512287600151
ck_f268416945316815,0.009606851438435213
ck_21860dd2159dff28,0.004186971917696783
ck_7a86ef4e2beaec38,0.01099159248103874
ck_0414507baeea936a,0.03047140430209084
ck_60796eb60fc3043e,0.004905875648133674
ck_1e0841ed17fe0562,0.01539299783380437
ck_0d641d32658d6e0f,0.00477213298045914
ck_b36086ae6d87eec1,0.008813921808412136
ck_962e65ab33b5c311,0.9527225832619982
ck_b046a42684468e63,0.010931704734806076
ck_ab3426435b0017d6,0.0367469863685023
ck_fcfe06e44d09a344,0.06505357981492033
ck_0f6d916c92189516,0.00927209474733424
ck_d4c8f0d957c3965d,0.022083388322623767
ck_2ca83dbd728af019,0.0037110768354052686
ck_2857a4ce9f72fbfa,0.002336305361978972
ck_a60e6edc48e3d0ac,0.14277381382038243
ck_0cbd3b27063d4415,0.03646370064469231
ck_612089ec90c37219,0.01922075833277375
ck_ec4e597f17f473c6,0.002540975638378846
ck_1c93cc58f314bf71,0.02149489417273383
ck_2b359a979520276e,0.010595353368370327
ck_1496568ddc3b2d56,0.36495169089455964
ck_41d91dc9f5063566,0.010963830961738762
ck_4c5ff58afe3d7a67,0.005094021781708322
ck_81709736281fa3eb,0.0029058402501375025
ck_d89abbab3d4957aa,0.009463255103528842
ck_52453401f88935da,0.016008996895399467
ck_a477654d34783e06,0.0027550587513262893
ck_72dd0dbdf808cb00,0.04156414375914827
ck_c183dff3781746cb,0.06403680783800746
ck_c8b7f241810b45e5,0.002559559010244479
ck_f88028c3f306bc70,0.029479981796042824
ck_91d48d69e4f5d9c2,0.017133341887418288
ck_b74b9ba6d7c9aab7,0.1268363153732284
ck_03e904682dc73bba,0.013238469130580476
ck_fc6fed6ea96a004a,0.010899141123485202
ck_51efdd240e34c642,0.028765782110404082
ck_e78ab4ff52b5fd2d,0.013598666548781044
ck_4af7b97c24d89a45,0.02323704672238762
ck_295c0072eca7f7a2,0.008849489744482969
ck_8abd1a50a9227463,0.04021241699043649
ck_ecaa6f13304e3dc5,0.003659832100167558
ck_de436e7b319be1fa,0.9869075048971501
ck_c802cf8f61466027,0.0032160330757409353
ck_3d83e0a3c1cfbf8b,0.015022175583252168
ck_28d2003c2d16e4b6,0.002225550071939772
ck_8ddaf745bbb9cd62,0.001386637283501596
ck_493b6256091014cd,0.6979229151612873
ck_a2245822cfea997d,0.0035855927854876657
ck_f7305b3c64cf8a03,0.033267418894470296
ck_9937dad93a0ed3c1,0.007240244540921513
ck_d654449f9231ad76,0.005566328699852031
ck_850e2b59bc535490,0.02201847873802422
ck_e55e5bdfc0242aef,0.2325045172754556
ck_d35c51e981b98c5c,0.003883307165622999
ck_27cdf9c5e6f0915b,0.01156915306286339
ck_d328db1e1052d820,0.012908166378016433
ck_0ea30eff5f361cba,0.004946963414477312
ck_9994323f97109f4b,0.9769875561891922
ck_09054e97bdf9624e,0.007933689529135004
ck_723b4afc388113c8,0.003662406326815099
ck_588f6e6a6a6d93e8,0.01876048144909711
ck_e1d563fab4d6116a,0.010301886811066488
ck_53aca610e20598bc,0.012200648147055175
ck_c8131ddc7ed33448,0.011234392436727036
ck_899f88464305824a,0.022241510614103517
ck_1c17c65804f8889e,0.009615469780624563
ck_45a16ce12893cf9b,0.021118751070457718
ck_f9d481aa4f9b2808,0.6916753167074994
ck_1d5d74169cf892ef,0.02362573040215515
ck_aba32acb61c1aaca,0.041963390806661185
ck_ec4dd3675a8d28cc,0.008193614936156118
ck_5dcd443fe0bbdeac,0.0035171976068007907
ck_3a47e3f54475e854,0.005703579336992488
ck_a9aa5c344c315532,0.024937777796831633
ck_9652283c9f61fcec,0.0024362396839265102
ck_752dd3d2487f78ea,0.010524385887557105
ck_a821980ac4db9943,0.2910181764041491
ck_93e0d6befb67f7a1,0.019757293988501786
ck_e7a3881c3e36bd51,0.45334870863837173
ck_12631b78f8a03df2,0.0029927950471798797
ck_57b8226610b48854,0.01329043257899019
ck_352657008983fd4b,0.10189407877452634
ck_0841a5c24fd3dd28,0.014037626130204707
ck_db9b9d5d30f74070,0.12158834686174529
ck_a9dded7f6294e44f,0.039910589829213916
ck_91a16336ce3217dc,0.016329293857365174
ck_371bd9388b287677,0.0019046814348173062
ck_f285e5e1912a7c62,0.004409473376913138
ck_368b65fca69fc415,0.033406247554810795
ck_d27a73596b6500c2,0.016217007628086724
ck_2d963f9b2c4d11e1,0.03009147224095881
ck_7c500e219af39486,0.005801367787530477
ck_7d025dea5951cba7,0.00511834457642573
ck_32f632706608859e,0.012702788657642418
ck_53816231f3ffb48d,0.0052064490264157725
ck_9dbe184e81c1ca8d,0.031554321317040765
ck_d74123617f22a21e,0.006315517598967227
ck_275386782b1606f8,0.0037760186309986656
ck_0b0e79d33e50cba5,0.007933276172395407
ck_ba93cb604f792915,0.027732176984681535
ck_a86cd653472eccbc,0.011269645471233825
ck_87771861e0447210,0.05201989235668804
ck_212380e0371d8a6d,0.041411888841007514
ck_ef0d702d7b0ed745,0.0023424103229212137
ck_2b8f33e22f939372,0.8743377163187085
ck_480347ad92037105,0.013284933200325134
ck_20124c3a16c53ce4,0.02081480166353822
ck_c9e1e3229baae708,0.014126834268124458
ck_b1befe967f7a5ebf,0.042120798664584694
ck_4672167d7c989bbf,0.02567778535521375
ck_f0c44ee5e3a42e3d,0.017523850850336694
ck_c416357d20238a4e,0.007744153397381601
ck_d0f470f8078c91df,0.01619493596731156
ck_3a70b4ee59084715,0.007398935559930271
ck_179ed66cdfc1ce27,0.00396094029178623
ck_387e5a7f163c7837,0.022871614971441762
ck_08fb463e69f647c8,0.9747202982918046
ck_732f725747393ec8,0.021284228455699494
ck_7cc5e0fa3ca5a713,0.02069652348181817
ck_ad4a4daa826ac68b,0.05568708113400105
ck_472e0be7a3b533bb,0.021856187218696442
ck_7190177963eafdd9,0.02125579331062799
ck_647ac26c5900f082,0.010159904779938521
ck_272ae2179bbd8e58,0.009634168332924645
ck_09b0d8af304646bd,0.0017504173516505101
ck_ca0cc8ea9f344408,0.00494326374184521
ck_332ad134fb909869,0.008701564166889903
ck_fca2798914627dc8,0.05530198770533193
ck_4450b55f462ae134,0.0047485668932321125
ck_d67d9dfb60b286b9,0.004885937175172843
ck_a9d2bb4f2bde7052,0.005406947156119649
ck_929bcae878a3ecb3,0.7014611343493116
ck_59a9e000fa275e1f,0.017986458808584797
ck_57f17254e2688637,0.016871519103531494
ck_0508908697f60ce3,0.05206828678647832
ck_946afc2943298d26,0.007144227404966592
ck_7176d12b18f2cc0e,0.008722674295604686
ck_5c47b49c26cce286,0.023533650174921285
ck_b6a2bdb2d335e1d0,0.9878899601214955
ck_1d58f6caaa4d012c,0.022851785644636247
ck_71c917295020ccc7,0.0030489549606529933
ck_bc89644ae3688995,0.014637296575258337
ck_e7c212f16d6df272,0.011537723623072324
ck_c6d2e11a368184e6,0.005231686197720915
ck_eed7f1f7548df15b,0.011516128791484382
ck_75b69034000ca7bb,0.03204437282021244
ck_38da3bf629458682,0.02710896111822781
ck_90114c891239d821,0.014834848580890087
ck_8ee08f6777cc155b,0.013690503409121394
ck_bd86132499defcd0,0.00825386758143504
ck_b95fbf2b5640aa82,0.014220008566294474
ck_c530235393360e3b,0.01495015371665017
ck_be52a7ec43241ba4,0.028977326360070013
ck_d96eb3cc55f2772f,0.07413429422938671
ck_dd34f0a844fb115d,0.15841790859154498
ck_17cc7b411f448e66,0.021008223495484295
ck_856ea65fa27d06dd,0.01920581352790791
ck_056d5f0301c30902,0.08982206955963444
ck_e662b14b2bab23a2,0.09505449448158476
ck_209f574c8d92274e,0.007636003150150451
ck_62720b81617896cc,0.008094797314025985
ck_041614694b77e599,0.014687423635192348
ck_461e3f7b97db8d16,0.024487390605772597
ck_1b74b798eebeabdc,0.007533900390078619
ck_0ed2739384f1d644,0.004755996404753874
ck_5a4d19f1b83feeb8,0.010772563044846459
ck_463937167965a1f8,0.017067677201131202
ck_9d7151dbdf100e0e,0.02002302957485473
ck_20a7d1ce6cc27312,0.0092313343502908
ck_6031211ff118cf0f,0.0021693822097676087
ck_a6fc92aa91e99b77,0.9476214266540407
ck_0aaaa9d2f75a0518,0.016466177625976307
ck_ec26e327cc1848b2,0.008553214569431453
ck_0e6bebf8ae9b9b03,0.0130580966703366
ck_e107537a4cb738f4,0.006922431202615799
ck_e8ea56e122a5a487,0.04329421110074681
ck_98149ed45d38c4d3,0.024487048519024016
ck_0e719b3a6906b8f1,0.0013817431207165706
ck_0c6e7bd357e4a348,0.0027527542174363363
ck_d3b2b250da61db19,0.9701302301542163
ck_8bb6b0a292754576,0.07257604662335372
ck_87d70f5fe48a6128,0.04885232245126772
ck_ea9edf9c107d429f,0.006135547470208303
ck_059806c52cebe4f1,0.10994239420030799
ck_a72d6df666e1c21c,0.01095331187319235
ck_1d2b80ab6c4944b9,0.006909100526079625
ck_60557f077abc42ca,0.37882199327917815
ck_e5f5cb7dd6ce4a37,0.02217497075313058
ck_4c4a939154446053,0.0037419931379232127
ck_50ede3eb561a202c,0.01609864079959237
ck_6d03a542922b2ae8,0.01161012664718556
ck_d6fe761ed0db3270,0.020425600061130283
ck_7f0cd6ea3096f985,0.00373408404366496
ck_23edb6d938a3b87b,0.0045071092556666775
ck_799aaf9f2b9ef621,0.014046894417417905
ck_f8f6a03613b6dda8,0.006941920590044391
ck_7cffb189f4f514ec,0.989381375968895
ck_c081e1967dcd811f,0.01881411689590106
ck_583d6ca78c97d91e,0.27083050938149344
ck_9332bbc7125219a7,0.0035013965771449294
ck_956b5af6d7d86c65,0.9622761053218247
ck_2d634e3f24681c0f,0.02228581891969742
ck_7b35d218ed0c5a60,0.0072054388446883095
ck_ca5b1057f8248f73,0.014132533656456447
ck_ec5ea81cf813597c,0.015057223957506534
ck_eaebaf4d28400fb8,0.017215482777657626
ck_ae2ab6be219219aa,0.009317998291139664
ck_d99a8b4c820eb46b,0.005945170111040971
ck_bcfb7ffb7cd428bd,0.014203154719837144
ck_3dd542c2d31be2c0,0.015729569118997422
ck_c7dd84401e29a7fc,0.004114598381202267
ck_c4bcc7cefd40f8e2,0.002227084788395758
ck_c251898b5d51e3b0,0.02989671761250883
ck_36d37be780c1291c,0.0019360048543597189
ck_99b4f266b61ae7ee,0.030368068506988706
ck_c37f03995f0f0169,0.007852984936384045
ck_65a23ac8e44eb901,0.003657227337332822
ck_644b1c1149eea9e0,0.011995005671044383
ck_9cf44eb0237c2429,0.004813701631305824
ck_20541686a94fb71c,0.028015406080378065
ck_c18245be844680f3,0.018326040328532592
ck_56de216eda6b7fa6,0.0025455462975445733
ck_406c4442dee45cd1,0.0020067657511724252
ck_df1585c7d72a96e0,0.003997147446762333
ck_b8e8dba20676d87b,0.033261367871739875
ck_0ee6965e68efc177,0.02032109364982586
ck_c2a5c54ad8d0d297,0.01688353046614204
ck_bf6fb7e6470e95cb,0.001446211094339333
ck_27fa694569140345,0.0015061302120868852
ck_e04166b0ce66393a,0.005723120070254687
ck_8742114f4f0cb22c,0.05992042131890453
ck_6eceeafd56b42576,0.06872867174742539
ck_34f9951b0eca1965,0.03144394778222483
ck_384ccecd342a24ad,0.005399405427958193
ck_49c98bebd1338879,0.0032167975713935783
ck_6c26c12071c91ff6,0.002724738747726611
ck_01e5986ebb9a78f1,0.017904093455289233
ck_121db7ba3be29ee8,0.012895504624141508
ck_039e6d5a330cea1a,0.04724925428818163
ck_ae8c9163cf957d7e,0.011563486245022838
ck_3f5e8f3f1df0c8c7,0.021988084680423795
ck_b1c51fdafcd80122,0.01981389348477782
ck_12e2b5ebfe8986b2,0.0048204595084219955
ck_d55eb81a4d543c59,0.009808747605248382
ck_f85155ca5c312c7b,0.09618473672684356
ck_133d8a1ac7c0e301,0.9767284074659883
ck_04212a9bb9b28696,0.9892462343030242
ck_4cc11c7d3ca61f73,0.009387810003406558
ck_2df4854186ec515b,0.012962458430963959
ck_aa9b28e7fc43af79,0.8526743295512942
ck_47cad6c3def4c9e4,0.00347636169801136
ck_fbff7b5da8111567,0.004158590557130657
ck_bd25ea782e375b22,0.01307476399022826
ck_7989376f8cf64a9d,0.015375714620122986
ck_675c0ca1ebb1051c,0.003956718117845898
ck_1436f6e11d4008f9,0.011794552385176245
ck_812cb3a4482cc618,0.01284955952348165
ck_6e606f73a1094afd,0.08227295944655547
ck_1b708e2a4a0584dd,0.01548130090263385
ck_a60d6b324bae0330,0.020792289602089037
ck_706a4f673a9fda3b,0.520985676056397
ck_a75ece9a9044eed0,0.004255098700028336
ck_9aa45c4e03c8c57a,0.030966332668183605
ck_9fe9bdce982b312c,0.028095990872181374
ck_c6fbdc5ba68a8466,0.013393711864124053
ck_ed0cc1b1c28f9511,0.027079192451118395
ck_a4e2607b4c8021e8,0.0022861885643658438
ck_e02f93f51cc8caf3,0.005197631501211855
ck_7084ed3cf20781b7,0.021289182434202025
ck_cd4c63155570d6ea,0.0044975845573385345
ck_d1b9e5d32d2d789f,0.005209038251808932
ck_68f56f6560a7a933,0.004045333013542471
ck_8bedacc6233c6269,0.01599739054700967
ck_ab7cb50407d6b13e,0.04638469569878334
ck_f17ed7e0fd687742,0.03508733043160249
ck_b0fe4b92fc70f72c,0.002539529222230094
ck_84d62b8196da2452,0.02588045637041244
ck_9e298cae167f4693,0.0056671487526219816
ck_405b20ef9ad0ba5f,0.05281922359147144
ck_813e02e1ababd177,0.0069216066033027535
ck_f234ab47061ba7c0,0.0028376184935767434
ck_22b587c18363899a,0.011778372347715844
ck_4e862c2f48c38aeb,0.0029256451076095247
ck_b89cb90a420c9075,0.006367335269703428
ck_be2251640f27a3c9,0.08140848212258953
ck_46bec0bff167ed3f,0.05557238727498749
ck_c0032232c2868328,0.021446546608813406
ck_030cf09525dba4ba,0.0029988493161924
ck_6ecf56236789fc09,0.9644001676517439
ck_38d4ed52cbe6d123,0.02033630831140136
ck_2d923d957ffd4d53,0.011502234725658566
ck_3af1eb88728ed8c7,0.025609485455480016
ck_2f8120ca80a1592c,0.015427827425069006
ck_6cabb1a133f0b151,0.02263991383877224
ck_bb6cf7e7b707731d,0.8500269374675195
ck_c8307fecafa90140,0.014843255984602309
ck_75f968be67f46d24,0.031906936332971654
ck_df6fe4ec5a233213,0.004845798182960166
ck_b53e88c0e927d896,0.0020885330389900764
ck_f0093064aa28f4d0,0.01654829851365533
ck_ec9976cabc63ff92,0.008029777350933317
ck_30dac0a58c5590cb,0.056808830159196216
ck_348a525791ae6475,0.019057705271411873
ck_b898d912d1181ef9,0.0108930893449357
ck_f5b1200dc6f95760,0.026084325128176326
ck_54978a073e7a0b1a,0.006069200930855513
ck_55933936536a4071,0.006736931565948612
ck_d6ba7ffd2ae08863,0.019101275624227296
ck_404e2217fd87fdd2,0.003579674196821381
ck_dfaafdaefa5716b6,0.04243964831070371
ck_556c62e92d4e7e5b,0.06953301890262037
ck_7ce44f4e06d58111,0.08690324768039479
ck_465cb8ce232c7670,0.008312839130827214
ck_237508ca4fb37268,0.031302753728505314
ck_ba4a6b9aa63964ef,0.012902911597923809
ck_4802a0a7a1882c88,0.33019367274567657
ck_9478dfe4114c30f6,0.024564420088287475
ck_5138f6c575dec64c,0.01318445298589135
ck_aebb42afe430e2e9,0.004730245152287449
ck_004efa95555437e9,0.007259151154165487
ck_11af112667c98394,0.006506196526374448
ck_44e9a18a8645c9d3,0.003053315086558572
ck_2605fd571219e28d,0.0019677208245434267
ck_dfc933493561d84f,0.0583646207224183
ck_67674348e68d1f25,0.016612061774816216
ck_dd97429277a2fa00,0.05205703122610772
ck_d3eab7a06eb48348,0.03046955812247314
ck_0b9fcff9667ec05a,0.009884355376470678
ck_fc4bfd6e739bddea,0.0051419751934001015
ck_43292f70a03ddf2b,0.025951665322646804
ck_5ff6108056a3fef5,0.006683837981459665
ck_767e0be086b5f601,0.02200928114369146
ck_b8465b1a5666155b,0.0592080890910148
ck_ab2e3fc56f5b3aae,0.06739649084414355
ck_1833c81d693c1e07,0.9085861768294914
ck_0308e0602b856445,0.0027092847576202497
ck_ccbdfe744acff8bb,0.017319611634108015
ck_b294aa27a0b586d7,0.004349080336353967
ck_a3747201f377626d,0.9778377590999038
ck_edde1d7d1db24725,0.02144933222818258
ck_ae3b47d6e1063704,0.026297159216772146
ck_3aabf5e0f4defb41,0.081737328578951
ck_f034adb57391f3d7,0.02624121425622482
ck_533672fb40531607,0.0795389851471266
ck_2a244f1ae08ef83c,0.01773596170439855
ck_a35d81bcc54ece2f,0.014860645101383758
ck_78a61215675b38f0,0.00986250322432945
ck_e013d88ea7939616,0.010701075207468557
ck_e5018f9418e0102e,0.026451431110704755
ck_d4e024fcda401a31,0.008004377213987536
ck_f736cffbdb82db34,0.0014669837462797798
ck_1507f5aa50cdf3a0,0.011947019573682069
ck_18270fee7c8fcee8,0.0060409835517429185
ck_95ffa1a805a1c9d1,0.004993162043335026
ck_11132d245b94d045,0.003884791937176442
ck_7b93a622e40d8b14,0.020600291095046394
ck_3854c08d17704347,0.02944126411882081
ck_7717fcb100dc4b5f,0.014959692119039816
ck_ba54e0a1c328119b,0.8233225464500535
ck_a7afdac4ecbf2de4,0.5116124695757127
ck_ecfb771ed2352085,0.006262489925186454
ck_68be4fefc85a6b64,0.24215211912454504
ck_dac7c50bd6d0148f,0.0035929225366985876
ck_87cf36a03bd63c24,0.46155161898097896
ck_8adb40b168b59d7c,0.05632770946076136
ck_8d2f62930777416b,0.03361285160919522
ck_9958b58da9e3c21c,0.010900235744714644
ck_9440335375701f44,0.019083764834228897
ck_e2f88e202b6f700a,0.02190084101779796
ck_4c7c50684827a2cf,0.004990662126959997
ck_8a6ea4a79b1c7a8e,0.0108110417100039
ck_186dbff4b24a3bbf,0.08327037227863404
ck_220fda3c11c59b6c,0.03699948656453876
ck_3acccc69f8b1fd14,0.05528987031546748
ck_9de191bf79afd676,0.009429822835097587
ck_6de6b1663f9457f4,0.0026921770044464107
ck_062754f8b79b86e5,0.002731746791100711
ck_aa153a89a52f7eb5,0.018228181479048127
ck_34a6bd3be642f15c,0.010554319394500212
ck_9371c700d9830326,0.019560781170393286
ck_a99e0c258ad7576b,0.007218726947955053
ck_0a7ba51d626e932a,0.018743523075958845
ck_852c50bbba1ead13,0.1172583076646515
ck_43dc13b6b6d31297,0.028772808621674535
ck_7d81b59d615a6649,0.011678619793347299
ck_39a3f1da060e88bf,0.008694076058009814
ck_6fb2d142c09ed3ed,0.019186052938422134
ck_6e5752b87324b58c,0.008140572388161989
ck_9441d48a12e8a4bf,0.2865616263909211
ck_09e9c51eb538b255,0.007895007805892716
ck_8d0cd981ed3a183a,0.19578755899438632
ck_57c07c45269ca8c0,0.006974722821275119
ck_ccfc9ab888ba933d,0.011404436444151018
ck_9658a6ef471053f0,0.01339782653861572
ck_dac3852758f4ea89,0.003978392408506205
ck_b1ed2278f5f14d82,0.020447001219005147
ck_333544d173524f70,0.05250382783873721
ck_fd4582e3853ef23f,0.01016018579011191
ck_614d936cef98db04,0.00511268963888546
ck_6bc351a3d57aac54,0.009166726344860661
ck_af5842fa7202ff25,0.038688628817684825
ck_81307759252571be,0.004831343060048796
ck_b4d2f02d2cd45720,0.7746469394970112
ck_1bd753a4681946c8,0.82565395334506
ck_46d8c029d46867b2,0.0034580864302250188
ck_b7da6640fa2f49cf,0.8338181119948753
ck_9ea3d5a5a91fef9f,0.09576727742937372
ck_7b922518f667f76a,0.001502642165166478
ck_2a5b31594206eb30,0.5246010487342654
ck_d9506476ad3f9e08,0.01058777339245881
ck_c8791f7ebd4d93c7,0.017763527038010415
ck_b5a3e20fd210017d,0.0110562864987404
ck_8e54386f4fe22cad,0.008350634856785655
ck_75296704f5806f56,0.031262101721566814
ck_0fbbc7a6af300368,0.006486030854620455
ck_d19bf4dc0627113d,0.0038543305003534223
ck_7951bd4eb99a0175,0.0019149618325508108
ck_059e4fac6b7f704e,0.004738194625191885
ck_2ce8931af02a2ce3,0.013686867388191117
ck_9e665618a4860306,0.006078754733793776
ck_6fce5a893613fd2c,0.0016581661540903466
ck_9e3fbd04e3532f32,0.3914450987758209
ck_55f2ef0de3420e3e,0.01508839312192859
ck_8d87658a6f5d204c,0.3157526272473878
ck_6d6ac1f5dd882aa5,0.0021021282704052338
ck_55d0c7012d7ef236,0.04474530491261017
ck_7738eb085e5753d6,0.04889538400548282
ck_0e6e05c3cc8c8242,0.008748577100474796
ck_8d27ff8383d48132,0.0029941513504948827
ck_9afc3bb849f3a64d,0.014774792543426266
ck_27eb86a9898cdfe3,0.00400629228529514
ck_1d40e4fc541abe93,0.07325619598470832
ck_4fd9dc00e1913587,0.9877656102630699
ck_b26cdb2b7b165d2e,0.032931645012887895
ck_a79a27767a02e31f,0.07297064932954292
ck_f0c18cb9f951a71e,0.01498390802622895
ck_50460e0189de6274,0.9592524791553487
ck_5e5280539257c986,0.03119591762029513
ck_eeb854318b3a6f0a,0.010645639584537299
ck_943f66f28dd24750,0.0016958685044599765
ck_984dd7452aee372d,0.02597090659974413
ck_ecaa6de0aca5e9a0,0.01720905754208826
ck_8f1cbc432e2774f8,0.026246138456737685
ck_d91d9f8445b9769a,0.9018197452366221
ck_73c18e03e3c7612e,0.0025675748306631476
ck_aded05ada490da20,0.010921981199351298
ck_f744e208183971f8,0.004994471059904351
ck_02d4cef6358ad3b7,0.0033381732961962067
ck_08ff5bd467226a5f,0.002835052818132503
ck_f824b326d5089885,0.15984832478682942
ck_3420f2fd520890f3,0.011273083446366516
ck_1838cf8d00f5b1e1,0.010696775347070028
ck_a85182ad90b6f1e1,0.003974483914022279
ck_fecb39c82c43e76d,0.006231711398678743
ck_162513e73782929f,0.020716411238905618
ck_2c27b77c59d8f23b,0.0813698423901083
ck_4221e07b17388fd3,0.049170236643698614
ck_adfb8472d5c3d669,0.07271922145078094
ck_0742fe64055d686f,0.0031261456802708647
ck_5060aefcc8b6f958,0.024189083173743513
ck_643f549b4ac78a26,0.3224906814723035
ck_dba767885bd6ad69,0.009427825289406203
ck_0dda35c0c64c7073,0.9791563416881213
ck_38ea56d43afa5660,0.01481450224973186
ck_d813e15ac91f487c,0.03885996654794842
ck_4c840e5585a7b167,0.0789304246560429
ck_cb8551453a7bb929,0.003521473286953814
ck_05a00b1dd5a03359,0.004356851584507954
ck_837cc7fd48453a01,0.012018255279041759
ck_49dd816b31fba6b6,0.14777408118360802
ck_86a61d9a39768e87,0.01996062369795627
ck_cd0e76f0e7bb38cc,0.015488611090756329
ck_dbe58392635133ca,0.013489273595270825
ck_3caec7dd6f8d02c9,0.02523596770893849
ck_bfd9bfc5b6ab4a54,0.07176244322967756
ck_2103399bdb2898a6,0.010305352225989306
ck_329f7de7279e74c5,0.005089835432588846
ck_9bf0d28119fc42c8,0.01490367142953804
ck_f781539b1042dc83,0.004564584509588028
ck_9986c7d781ac6b4e,0.007229417835300379
ck_a627734880aca848,0.005832952409469551
ck_2106e509d77fdb4a,0.7488713352650436
ck_420d1a9c604293ce,0.02847744057168186
ck_fce0610c527e2b56,0.051906731745520115
ck_073da541ec3f9d3d,0.017473579346436
ck_aa5f3ab48c17fed8,0.09423024162260987
ck_0fc1086e1c9e04b6,0.007002286154317916
ck_5c33bb46c1a5945b,0.03662541243099838
ck_500948a8d4bd8e13,0.014613706397559075
ck_19becd44f2c3d2b5,0.016489752175753117
ck_7d0fe77dd5ddb656,0.038309126299738906
ck_f158d9e5f101bb35,0.006530525339755593
ck_cdd7c77823c2257f,0.045383104954497315
ck_6c7b41374f9b2e55,0.008617980291576807
ck_417090dbffb1a63c,0.030963284316504282
ck_dd0e17605f970319,0.014703008378270408
ck_3646515079e6be55,0.03337265250714667
ck_89c8b06aa8c84b2d,0.0596086037699992
ck_e4d6dedd97233c07,0.026493561614934998
ck_bc82fb1895fddde5,0.0041383798347497495
ck_88a8b1d442ca3686,0.01428270863750607
ck_5791f8f76a629a4f,0.049872127519999934
ck_9cf5e88e97c8c7ea,0.022229907298178433
ck_58fd684aa5a6f289,0.0017806673217336385
ck_9800c21dfbd8e811,0.03852870087135344
ck_8ae64df60ab6ccda,0.02289357937045826
ck_e535fb0f0c00418d,0.049889442372243235
ck_48011996d54855ac,0.482582335586518
ck_ac79c72a8fe3fdef,0.034130576446141425
ck_b8cc2df5192bc49b,0.022866991302093603
ck_e96a5e1f08f8a867,0.005070772540496687
ck_84df6770549e43fa,0.01441730263743286
ck_e5f7b99ba6ec5767,0.02043986658181333
ck_8347455ab53ff620,0.00839976207002789
ck_a84f2cdf695a71d6,0.004891876172423444
ck_90456160115f9ef4,0.004940642295705253
ck_ebd178b3f3a9c50c,0.0486861246727148
ck_e1140be6157bacbe,0.0028041039446560453
ck_744ffc11d32b96bc,0.00565808534270004
ck_e12a9f7d027e3387,0.005743271289218348
ck_cbe525da0b69f18a,0.04149161415726126
ck_aa59702537557ff1,0.017767108089259725
ck_0348cc6908f7f3af,0.0018514918847460618
ck_120e995d50956bee,0.044705482529061535
ck_9fcde1ff46cbbea5,0.0025042189995832286
ck_54b0b070689c50d6,0.0024241076905605055
ck_966a167758fddfd4,0.028874429947880063
ck_d5194f2e92fd6427,0.007812750621432716
ck_2ee84f3fa27f2cb8,0.005900732536677638
ck_57d0a7eb7eae2eaf,0.027792491576124567
ck_6a2c4edd82e10969,0.0018849045881567904
ck_96e4d38ef670eaff,0.03473933476372698
ck_52cc2fd5095b169d,0.01081182698961057
ck_4b088920f3a844c1,0.028661474456468376
ck_8f3ccbd20d59f1f4,0.004228272025122576
ck_e5e5dc431bed6f9d,0.011316711570615305
ck_e8b5bfa6838e28d1,0.009826546806275966
ck_4bfeb78b47b7c6a1,0.0366858427356112
ck_a705c61bd679496f,0.0062799668181673495
ck_731869a0c39cb2fe,0.02930174425810919
ck_259eb102342057ea,0.011891849233311217
ck_47a6005fabc33551,0.00602898314767048
ck_682262b455a9edd4,0.0021614152895013342
ck_e839d104854945f0,0.0059109134298877776
ck_761989aa4c47d746,0.01888285758950547
ck_44211dc210139ed3,0.01729413755119861
ck_9915ceedf63a5289,0.05098791077046479
ck_da59ab47cb6284ad,0.0035063977182218584
ck_e5cdbfcca2456652,0.003109241543593048
ck_13f2560c6a1ec62f,0.03600302368136273
ck_a0543e9b3abe1001,0.026476154461677233
ck_11c7a58e09e6547b,0.022823625781500607
ck_69587a134d43a4ad,0.0424977977724573
ck_28dc0de0ae291f37,0.024405678726514973
ck_298922703c5bbe05,0.04302465504513987
ck_fa5ba9ed9ed6a343,0.017750631917616687
ck_c08e64d424e56c05,0.027535913962157064
ck_598e036a28262aeb,0.020834604851286923
ck_3f7c870510083a51,0.01089517385164973
ck_364f8203a3e98d36,0.684624598647084
ck_7333cedb61506ead,0.008572928081683775
ck_1d96d7fd65f208b2,0.02221287079040216
ck_63133a79f23e2627,0.035821318656345566
ck_901d820e0b72abae,0.019615890538288883
ck_5dd80b3c01457bd8,0.010520458143855209
ck_c0b8067c144ed6c1,0.009457124037707538
ck_cebb8aa8c8f62c60,0.0036783093159741555
ck_79749eca42ff1f5f,0.015568556579247663
ck_2cc1d9b587f6da31,0.08348143053731501
ck_ccc7916b56d42195,0.008453697424196762
ck_e43e53cc7b8b8e41,0.026579495129520583
ck_4ab74a6e7450416c,0.004575236171529066
ck_6e44024e9de301c6,0.0018909938664558989
ck_dd78cb6ae2866cc6,0.07129747047777485
ck_c363d3b050baf3b8,0.04959257696890632
ck_2d46291975f0dd08,0.002812577954454635
ck_76ebeb5aee42f041,0.02207265348134673
ck_8395f004cf4d4c08,0.01140327365028472
ck_de7259c3741db179,0.03711637780333284
ck_3938e92585df2b34,0.019844028369500024
ck_af69bfcf4f07d932,0.023755227967182768
ck_1723900ab9afe374,0.04252231707066516
ck_3d58628d1c853c8a,0.007923974604328836
ck_12a074db100481cf,0.2888783335519129
ck_8716cbf892c50e29,0.006672657798487128
ck_fbf7351958ad9615,0.006504615639714071
ck_a50370907e6b397c,0.03807099042146259
ck_937402a60df0821c,0.0020072464728130885
ck_8ce9c5807acbef48,0.009624336767050568
ck_acf7d65eaaa4c31c,0.0028256859608126873
ck_ec3eb6dd0967cac5,0.02227494630044872
ck_fc832b0c90c9bdb9,0.8921319669225268
ck_8129e81cde280131,0.008055472277789816
ck_52c0ef68aa2fb8cf,0.010452171078229721
ck_06f042e9b1b662fd,0.040628091363257166
ck_0bf35dcf7b38f650,0.002320259770817827
ck_615763afc2e17a7f,0.0033817663032295327
ck_e72db9d4b2fc9997,0.9748819568748439
ck_13757bf0eeb353e2,0.03947360407462485
ck_abaf371ec8249c4a,0.03292165958977127
ck_9b7167da0920c37b,0.05136574030925309
ck_2e824b0b27494a17,0.029291167302381564
ck_9a0b605e9c3220c4,0.023510573224185656
ck_a5276af466b681de,0.0025217737529121854
ck_9e0383e1fb6e214d,0.18300881884671383
ck_6a27c44b691dbfac,0.00828562460484282
ck_af39767cf583905b,0.020346872327695997
ck_243b1b9fdd3f9a74,0.00183556320041825
ck_c0422e638a9c6046,0.025226610742132963
ck_e0f3ea3373dfc4aa,0.04951979174420503
ck_d56ee1654378ffc7,0.015690642285323082
ck_20cd2f5666719baa,0.0015686428578375923
ck_4dfa1c1e9b69fcc8,0.016027894341818973
ck_5d22e9ca1d15180b,0.5399589807926052
ck_f4a7ac178fd55f0e,0.004408265558260609
ck_fd5609bd23a1eaf8,0.006392151839004677
ck_49c3bf13dc9471ce,0.01392546984339468
ck_724085c3452d4693,0.10301070438395346
ck_e5d1462846154a75,0.027270100932353367
ck_c69ef0f3e7d6acf9,0.045901149518873766
ck_a2d0417791d4132d,0.010624533585213296
ck_00a07fc2a9183c3a,0.0016296104468120367
ck_781b8288e54ba8f8,0.07254489404952935
ck_d74a62ab3804a81b,0.006827560811318259
ck_abcbde211b6267f8,0.25620581753158794
ck_16dbafc035574654,0.002888691833089392
ck_018f780215ecaf38,0.07577335949889395
ck_0b259620eac51618,0.009612138728725385
ck_4f875342394c110f,0.03185151371823713
ck_399e45e5fe9beaee,0.008858630778557457
ck_36224a2d394ebfe4,0.03659447785820879
ck_c189b551bd111332,0.0034528005067492873
ck_125c5a720ecb177a,0.034224952854487095
ck_76d010aa02eb477a,0.002980141375115452
ck_1071d14c46c92379,0.7922398817612137
ck_61d244b2cde483af,0.01031082713093066
ck_2ff1860da2004c84,0.002755847660281885
ck_c5b583490198672d,0.008406308640399283
ck_1294f7af22fade11,0.060768692481718734
ck_e3a22799716df39d,0.0038251199481308387
ck_c77e22834ef97005,0.5924785486807234
ck_73d3689728270a2b,0.0017508161700159099
ck_295565fbf77ef885,0.0038506200437626735
ck_80c0a7f54ff4895d,0.003966044512679626
ck_f1ef5cf7f10b16c8,0.039659808972940386
ck_a958b2461ffc21a2,0.06399049437401493
ck_0e7899a57cd617d6,0.0028711721623874576
ck_9d4fed252718f58a,0.016652751929814056
ck_83c2c34add971d76,0.0017419398206035077
ck_9ccc030ba2de9fb2,0.034782636135512884
ck_cd691e3466fb3742,0.008286452214916756
ck_49df70f908dfd069,0.05224814024422651
ck_362ce13eec1e33a0,0.0048163848410314545
ck_2452a30397dfc54c,0.008123723087964869
ck_a443d49c2b4863b0,0.006168737551941376
ck_c8b2e2cb349dd0ff,0.004004710518603366
ck_354909fecf5da8cf,0.013207929794141041
ck_841f598bbd54c83f,0.019832905021334668
ck_cd6fbd4e8724f994,0.018927990774487317
ck_e0b3158111370118,0.008761240438171409
ck_4c2f2eb657c2c60e,0.0032095489346171367
ck_ef346071f0b7654b,0.014823364299818554
ck_f3bc10e3decefce4,0.0036821025908775557
ck_189b6fbe9b9192e7,0.009090877818456947
ck_5245cbc5ff4d4fa6,0.007584672271244702
ck_cb42e3be6fe87f60,0.004076179678800063
ck_966d4d713cbc7792,0.006123727018918986
ck_1c8c969667cbaab2,0.9531332912805743
ck_d35e3aa9ef5d405e,0.34895267480718684
ck_a1c39df50a5873b3,0.024765896286147625
ck_a152165caf295b51,0.029197832581618656
ck_891eaedae139828e,0.013146827123158364
ck_1a46b56f4734d52e,0.010571555286784483
ck_5e36042cfad96c99,0.30653604596136963
ck_02a8582c2603e675,0.011972415893900346
ck_6def9d0429e4ed4b,0.021452024333807402
ck_e137400825a1e3e6,0.007069976158339672
ck_d91ab840848a54fc,0.0025551357941737546
ck_becb6e1c608e0078,0.005318321638670861
ck_6fd8c86ac719d7eb,0.056754667860472695
ck_3ed4d13f12fd9d0e,0.017849729035755126
ck_007337aa99a4891e,0.0018410659249193581
ck_60c3d8306527a08d,0.0045900281165268545
ck_95458880a54df0b1,0.2989767652099449
ck_b48cd8593533fc1d,0.7440154401890691
ck_021c6a4a7e3f1f0e,0.002153592727452901
ck_764d40f865e710af,0.009056798634177448
ck_4b84357ae8ec7777,0.029541174562895504
ck_3397c7856b4669a5,0.0023101758587575983
ck_920bb003b42e6310,0.0041400207129689195
ck_8f59f11b512d5b7c,0.06044546366805046
ck_a3acf4b986afa98b,0.4397450666773355
ck_e89d25ed7bdeeaea,0.005409133082477814
ck_70e6bca473bf6902,0.00544503760560533
ck_186161ce152836f5,0.010866490844141428
ck_9191579254663f5d,0.06864285948419092
ck_1e6628879e9d653c,0.010706471680666855
ck_b498fa91a0776ff6,0.14162112844985417
ck_cfc2384f22954830,0.021986883348062196
ck_17673a1c2867888a,0.0015967636184816612
ck_523dce06515b072d,0.024099529300409567
ck_c20638a325ead2e4,0.0027655876240481976
ck_d3877e1f907cc148,0.031725996789871674
ck_e9a2495dea8675e2,0.01711930823253848
ck_7e561caa5fa1f3f1,0.027298019701075916
ck_455672e652fe1abc,0.9485403843798912
ck_7f8f864fcc90ca82,0.02290203225410639
ck_1ad36046aaeb816c,0.008778425147465801
ck_de056e37c82e8e00,0.015463909390952421
ck_7484c214c889fe7f,0.028912131953373037
ck_32430e678c4f9f53,0.0045063919265627824
ck_6276ece8f80ea799,0.03175410204498254
ck_ae8e5dc4b725bc25,0.03463558049085958
ck_f01be92dc78a2dc7,0.010120855993487003
ck_233397a8bd40d38d,0.004967926372889373
ck_f8124911450fdf31,0.8771215879214855
ck_aa0a3179f1111674,0.006653912602072104
ck_2366b29ed9887a5e,0.0029851156463908666
ck_1f22f04dfc08cf27,0.004639358907612046
ck_b62276c3426d680c,0.009347750819134915
ck_d099fca88691f66f,0.03130417534119689
ck_166bd1dcbaf4d6fa,0.014730467751651823
ck_7b1660e942436e12,0.008757990169736777
ck_4a9a791a1d409a3d,0.0309851887029592
ck_b003e5b54df65db4,0.014229541380068897
ck_64b4dcbf436f0b75,0.005997522888855915
ck_26e9a7bb2061a58e,0.542884014083773
ck_08b77ad5f8f73007,0.012812159831877546
ck_366616a725afc6bd,0.014527279133244423
ck_934fb5064b6eefe2,0.00243450231608934
ck_c6abd5d57b1009d2,0.0035538124816141808
ck_edcfa9e1cf29d813,0.030708835908736055
ck_c30201ebd003fdc7,0.012248756821828759
ck_c54643d94d3ce355,0.024255070026313663
ck_02adda6e91e49650,0.012991248588591754
ck_5b73d7c5255e58a3,0.09498805189985238
ck_129ffae92dc01408,0.002796903359650505
ck_fa321945ebedb916,0.017593274927380435
ck_8da980cb2e1e2bfb,0.016528608684188532
ck_0576b00d728bdf19,0.02661482143268428
ck_c543d82e22b3c8a5,0.0031735338619300626
ck_0027ba644f9ae2cd,0.09904109712173023
ck_8dbf61df902a6bbc,0.004667065860074208
ck_90eeca1cda79fd41,0.0040203556421794335
ck_86d7127391d4e01f,0.002496242456113042
ck_73762038c7ff2f6f,0.002998280135397957
ck_a1484e6215fac651,0.9295142632502675
ck_cb83b9f806e90dc6,0.0742172885422568
ck_8c6f059c95872126,0.0037324434739486774
ck_3174419a81e7caf2,0.0026838750311914275
ck_6a0f8f8fa4a3c2bc,0.013877161500405605
ck_b5777605668bfca1,0.002794102770124841
ck_27e4de495abb4d15,0.004526289155854365
ck_7f6fa79c7a107161,0.008585482878510848
ck_c36ed9f8e6792ea4,0.014918844021270163
ck_67a1aa88d2ea554a,0.034690803574518966
ck_09748dfe4df3d540,0.003116130972087348
ck_27fd85b1e38b675a,0.00258684986975282
ck_2369689bd795ee10,0.005206142986228872
ck_4eb1c12f7d092bac,0.001316569053805153
ck_01fbafc42c8e33f5,0.008910186905522633
ck_93c4e05699b3b7d0,0.00878826651393679
ck_afc484d1b6907983,0.0077977735132520815
ck_1b2d9cae92a1aab1,0.03337513251591171
ck_73b729cb161487f2,0.007440617608126476
ck_fe3c1d0ac090d960,0.09744353124155386
ck_408efac1d3885ff8,0.06380657877074322
ck_ccb4dd9d0a48a76e,0.00635150810140689
ck_2987eab34ca7805d,0.051253910433777
ck_1dbf1f15193197db,0.024647051023166014
ck_4ed711fe4053e74d,0.0941323920700239
ck_6c54adce174f45f4,0.0036407994451187198
ck_a6c740041faf0bd5,0.008959784889544718
ck_b05c4d33c4f43639,0.025404237198066535
ck_032880f1114dd51c,0.0849737154632643
ck_22311b037456a76e,0.0031356901585877337
ck_5866b413549765bf,0.004758822814605383
ck_0e808afe2570ecac,0.020029510500053575
ck_634276b05f4381f8,0.02027715600811582
ck_5d8773badd0d4740,0.01130124244246077
ck_82b5b79ce3517102,0.8751753387729184
ck_b378b8d8100ee4b1,0.014401504130452446
ck_54e581f71be5430d,0.00262075298328373
ck_798ba4b8aa544fea,0.003586854328773343
ck_3fe86b6331ff95e3,0.12079130488412737
ck_81275d9d4c559e6f,0.007233443970417177
ck_99a4e5ef02d89493,0.020280059684837242
ck_54e2eb018d947790,0.026399733653524413
ck_966901ea9c77cc02,0.005767566123199664
ck_27d69ff4e0cb428c,0.08435273869724866
ck_2cee2dd7bbfc09a0,0.7848001140041496
ck_4136b00924695ab4,0.0011111301294758143
ck_59a164c40c03a45f,0.01945789298190705
ck_3e24b026bc66789b,0.0015863813444986644
ck_8105bcf69a75ee47,0.032629808732784885
ck_7a1782cefe26a456,0.021090317261600714
ck_970c7dc195161272,0.0013564428341618776
ck_a48ec0c00ae20e82,0.02105383736027559
ck_54b374ade34e1dc1,0.004589714810005245
ck_74e5dec189761d14,0.005248766458428669
ck_4717f24f2c6f40e1,0.028218093081949985
ck_fc8cd8a8209e802d,0.0162436196178597
ck_71db4131d7efe218,0.005990994211772755
ck_45424ea6f0bc4650,0.271461189659511
ck_3716c6181a5035bc,0.05648658352431063
ck_26de14b96bdad4f6,0.008193297691551306
ck_99c0a41ac9c73857,0.0029714916521919907
ck_645f15bbbcff3b4f,0.979309076859942
ck_b7e25ddd41514d4c,0.002859471515536313
ck_d5c14e877ca7b755,0.009444943233526626
ck_05ea4440dac6cfad,0.02112709249306286
ck_c58bafff7b1955cc,0.011208695333546067
ck_f0cf85b67a9b840f,0.017685946138202006
ck_ce1500a7f0d03fba,0.02322581278786086
ck_d4972a775aadbbc8,0.010568310931896254
ck_3eb6146c262e0fc3,0.0031003859066885877
ck_afb23858a4ef42ed,0.9885483390274271
ck_2c1def5c91c52a5b,0.8087098892407834
ck_72e550559487b919,0.004039770606114128
ck_0284dc2b4f856b3a,0.13936939573234347
ck_03be334935e999a2,0.041844792241195194
ck_e35a4b4a3cb4cedf,0.012057250097014107
ck_5abe57dfff4b735c,0.011848009479681523
ck_f5f87f772388efa0,0.016987874911652392
ck_5a22cb36d612236e,0.007438983859844322
ck_8ff1e6028e764472,0.9400732413031351
ck_2ab28149b0986642,0.45225379985661796
ck_c88fc1bac79fa6d3,0.08549391957855303
ck_5b137d74bba6b1b4,0.0025420628737120613
ck_11f362dca2dfaf5a,0.015563134962069538
ck_7f960541e5174565,0.004899276121257357
ck_d5458ba39ae94498,0.013455254599008523
ck_0a921a73a90c2e39,0.027545914272108465
ck_6ad56ef40086dbe4,0.007704205315835852
ck_b68199ecccf2350c,0.002562610778760475
ck_6dac66c8198c07d8,0.01054260008486292
ck_9b9ce7bebc235fe8,0.0038801141420109772
ck_6b817117d87063a8,0.01885010626823836
ck_900d62b3184378c7,0.004779069381629702
ck_eafe9b89857149b5,0.011558645092718756
ck_e74716a525ee5b24,0.0023729969532425652
ck_4e9a6f06ab134102,0.04682961840896456
ck_b0d33b5a3716661d,0.0065633383600837494
ck_8703543bf3134306,0.017843803611128937
ck_923d6a0f83accef1,0.025086520156123324
ck_52e37e2170532e2a,0.07895021749780715
ck_c1c5ea839c58958a,0.03975215530216212
ck_660f0006780e87e7,0.013947524957498743
ck_830b2c5d1818ac07,0.06276802481908812
ck_b080ff636932d1f1,0.006245017755111304
ck_38730aace405f2ae,0.9950713316118678
ck_9790138467a06223,0.0017905079470886386
ck_10de0b0d86b17839,0.006006882516864884
ck_c3e37a4d3382c32e,0.003137785081013156
ck_dd8edfefa1eba531,0.002010413926584631
ck_8153cdadd300d234,0.0021013465228693633
ck_74d0e7c2c6b63d36,0.7620743380352033
ck_c478aae3031bb328,0.007044283710225057
ck_cf301f2194975866,0.007942158580116699
ck_f4de03f44e3a5bd5,0.004008966419533893
ck_b06ce826e593b210,0.020573712887412755
ck_2fc70b6baf6a0e26,0.005053442134154771
ck_d208494cf5c90047,0.030321492290588038
ck_086d29ccae565e5d,0.004479546632108217
ck_d5ef6dc116dee408,0.009874026632429155
ck_fdf0c5b722d83464,0.015550779880647833
ck_de8494b13adeffb5,0.007774226088900141
ck_556786868599143b,0.05455683790939801
ck_4940e78cbdcfecf3,0.01083744617981472
ck_d32fbbfe32c00416,0.010429093292540033
ck_bc7710f7e9fae649,0.00220981601519113
ck_416f7ac57da081a3,0.015738998916708907
ck_6fb39b60c67d5475,0.004138253161052647
ck_e40a156511345d6a,0.0027129344930084923
ck_49ab879b5aa7fccd,0.10863149197473435
ck_bb643194d1cbc47c,0.9853979112017529
ck_b3ce8f1bcedfa043,0.01696637524949699
ck_558ebde8c29132a4,0.012922826498148235
ck_e6222925762273b8,0.041074698346969196
ck_bd80546b4807dd59,0.03273604544390632
ck_bd21164bd2bbb635,0.015527656994604903
ck_ea835557d7043667,0.003277962151150212
ck_1411a80a157ff39c,0.009322961607825819
ck_ab973888c20c9120,0.07922114208256847
ck_95b48972061abe82,0.011169813333369524
ck_fc4a43f8876bf10f,0.2175644286345893
ck_f34fb7ccf82f41e5,0.007421711955568833
ck_5af9934a56801ac0,0.008980083793022928
ck_fc7445ec76389a58,0.6162544289857768
ck_1eeacc26f02fbba4,0.026070075443395097
ck_4f325dd15c9bd45c,0.10971547353349673
ck_5009a6c8bbaf15ba,0.0413781449933604
ck_0f3de7f074bb33af,0.006011592074995215
ck_2cbc2f93a32eede8,0.023164075337597054
ck_4bb90a61c21a303b,0.009009175949257396
ck_3ade9eac7d7b0dbf,0.08454489114133212
ck_4859a58629622915,0.0138686304477444
ck_5fed957287ebca03,0.0024797906745489583
ck_ec01ae5351500355,0.004540557346212792
ck_703b41624ae6a5b6,0.003946585104904111
ck_97c38e7f61c27e47,0.02032784006834581
ck_db2c0908150cb2cc,0.022604780182881902
ck_64ac5e6fed86ab60,0.9887513445176878
ck_da1c853b0a061e83,0.022544115367263886
ck_9a36916b60178ded,0.669080860452992
ck_3715bfa7fed2c675,0.00542669834063886
ck_dd3feb77d7d4f6d3,0.009980261072881944
ck_982ebb24174a4ade,0.08488544652493117
ck_f6b7a10d47dd9a1f,0.006610280560962482
ck_1f56fe99f250cdf4,0.011773612599102283
ck_deb3ac0606d6f6db,0.019068131843495754
ck_e666629e5a41b39b,0.017898969024087122
ck_756d2c13d02b3e09,0.015422249374377233
ck_7bc752ae7cf5d55f,0.011951243486639881
ck_fc0cc4b25e6a8194,0.0050414284564040835
ck_9b2b0e286de78a1b,0.01762538208582351
ck_24b0803447211bf3,0.011941507425903415
ck_82eed68d05a42128,0.02711878226976911
ck_c8a03c516ed5b05c,0.04611963102100993
ck_e914974cee1bccb1,0.017206112284499298
ck_0c533ff2d0f9962a,0.010690945937820183
ck_c12805fa5d970a83,0.020751795610201833
ck_fc2cb29918631f10,0.07688214703019004
ck_c20e89afe575549b,0.004048169301058575
ck_e1ff9e31becc27ae,0.061238003360775076
ck_18116d0ac08f1996,0.7781472559786606
ck_885a83975cea5e64,0.0031187138485734116
ck_a0c3059a959ba5d1,0.020325865978120146
ck_75257ca7d7da2861,0.02035106633364522
ck_2210f7a0d13bdbef,0.034248808628774545
ck_9cbd9ecf8374f65f,0.008359128448870323
ck_18f67c00ba21fbde,0.0071121998674393665
ck_2d28f14d3973d8fb,0.005558361709996017
ck_8b3401b44aaae728,0.004441245933203435
ck_9d8e9ef37797d3af,0.36925913296013746
ck_9f50920c894f64e1,0.007814907294871507
ck_4737e0d56c6fa0a1,0.009744654090682526
ck_52c311f29ca3aca9,0.0020339728058889808
ck_6a4981bc721df37a,0.017995837334436982
ck_823539d936c55fc6,0.0021177630836853286
ck_df5aedb4118020bf,0.8017234587057991
ck_a911a066ff0f7b56,0.059216463535342476
ck_684609767df4a14b,0.0419901794652801
ck_f2350bf355dc919e,0.014905080976344433
ck_8452b6cf97c65a5e,0.015396455488286592
ck_084cd84501012218,0.4501910492388613
ck_ace6b72e5bf3e93b,0.19270689896543425
ck_2afdd69094c955c5,0.024857526841578624
ck_fa7d5be26bf7b31c,0.06284060264812974
ck_4b041217690fca2f,0.016541807481147093
ck_9fb8e3d38cdf276d,0.7518128462458863
ck_c1ee56d65a42f59f,0.018439353174322073
ck_fdeaa1cd085691f0,0.02475397756249014
ck_5de33a7a87e9aa62,0.031000865607639417
ck_7476e7fe1ff45545,0.021825869436769115
ck_b0a947b498e47018,0.013287780735977934
ck_e3894ed88a7977e4,0.003966348626882608
ck_c7e07ebfb0bc15f6,0.035316079518118576
ck_3a3daa8b376f2a18,0.0037930948512555048
ck_87809324c2675b0a,0.017548027822831602
ck_7eb4f33260f1dcd4,0.011484500520695726
ck_ab9f0e08af030060,0.031031660083796448
ck_5b8fc4a76f340797,0.019561736197686648
ck_0e7bf10ef49aa818,0.054928272777213925
ck_a44462a3853ac67e,0.9865551142725275
ck_2d14bcd2e0fc043d,0.002943477566330948
ck_df1f2dba802296be,0.9536688007401206
ck_466a7316eaf149b1,0.02890521640630851
ck_50df50af592b0c06,0.007333918124992847
ck_5f9e34c849704b95,0.003127560270825863
ck_7836bf6def26aa87,0.008308802024394234
ck_ba175b1bd8efaabf,0.004413760831121631
ck_1a0aac7f7b94b1be,0.1860812704504995
ck_6768c4b2aa8ce586,0.006445608724942363
ck_eefcf0ed15897898,0.011573411032582312
ck_7a6cb27e390b6ceb,0.009651225084937522
ck_5275be4e1577c1c7,0.004894190617587216
ck_6bc0e5b8c0b7d2bd,0.01964968410396828
ck_4874bdec79f9106c,0.01659042774840183
ck_a678731156ad7bd2,0.13926711117641505
ck_db906debc36a5d1e,0.032469495212828624
ck_e87897767c612942,0.02882663708924344
ck_45ed5ee496ef8a67,0.005924940820819884
ck_ae20e28f9854f3ee,0.05887500853812169
ck_9ee044b73943a90b,0.026319282543645788
ck_dab34cf6f0626c9b,0.031019285911399075
ck_64a02b7b96149810,0.0012917539145994464
ck_c417d06f3e94685d,0.008448167632328741
ck_3e0149cdee4cb294,0.058361383126496205
ck_0e6046fc30f81705,0.0077757931825919386
ck_c383aeabd53e9c89,0.022218071421069394
ck_2ef76f1f36e8b869,0.07507191710120473
ck_43948784650bb9ac,0.01004231835222693
ck_bdb966f43ac350ee,0.020209749805788952
ck_5bea0e0ee0b094cd,0.004931359115894487
ck_dff090f03ca5529e,0.003978590478247351
ck_a4691b57f837d88e,0.02051986492296417
ck_99ee90946395d74d,0.921022840565005
ck_cc81dbc83a8879fd,0.008339145466844482
ck_f3dc0725621b3a35,0.0027781633659925715
ck_1bb212d1288b9689,0.016505028409632805
ck_9e7278fc7679f002,0.033239167370546024
ck_3ded7a8720d7e311,0.005795737469235689
ck_798157bcdb9453e1,0.0034572140505456667
ck_9fba80f56f357fe1,0.03687548165636155
ck_f1e1c8491f16f912,0.008809705227951256
ck_7b1319a5ca2f63c6,0.9777739960941085
ck_124432fd5c92af7e,0.9007179389142489
ck_148cb0c723284dc0,0.008279253177838621
ck_b56c62c950eda009,0.0025573730465193872
ck_a0498755cd8d7188,0.0025410796918392334
ck_5379452a9d74efae,0.0024635118484811654
ck_6c2453229d608183,0.045976522784440574
ck_f9d8b4813a88c1e6,0.006261191555731682
ck_c2c7d1e45a521857,0.02238789880983363
ck_4364a83a11743888,0.0048859899866242245
ck_2cdf5fd97ba75e06,0.45014995641840033
ck_71bc01291e0533a0,0.018128591762512088
ck_a725d7aed2a0bdc2,0.0016797948368459093
ck_a9b0c4dbd7db6a91,0.04229332762297643
ck_a4258806a533efa9,0.017029283982642075
ck_905e460591d9a278,0.07734861016948143
ck_20de8abfd8960ee3,0.023196856404483653
ck_252b0a0f1119b220,0.0021077350544443088
ck_95e4bef65c36af1a,0.0036801042972810717
ck_5ab68b434ad53fea,0.005189818767201974
ck_13677a1957078827,0.0038041397651745316
ck_d251e9fa09e542dd,0.9934128204235229
ck_700cb620f300dd47,0.013980111843111927
ck_39a68c55a1bd3ace,0.14849712165553636
ck_61a59a7944d6c53e,0.8493737327239532
ck_db6d1c6d31da967a,0.00383832121420015
ck_650020c500b1b50d,0.03200002570529035
ck_d812eb6930192793,0.0014062215604150547
ck_92f6ebc11ebca89b,0.045041361368868715
ck_d87e26eb5bc84b01,0.0015513450122730977
ck_66439e697695224c,0.002639202166641138
ck_f21efd504faa654c,0.006663233311472303
ck_15eed0f5652f0352,0.0034832142300899845
ck_bcdbf57d98dc0d27,0.04949814370943483
ck_873ceb8004d3a9f7,0.036018158195537955
ck_70bef9ddd4bab005,0.0035703144707818135
ck_7560f1891d66f294,0.0013272783283790179
ck_f439f16f8693883f,0.011719413438617963
ck_14f9535e53f9c7a6,0.011545298165374999
ck_5984be472d2bc267,0.07695258016627762
ck_ed01be7504dc4187,0.03750638278610606
ck_dc3d8b5c17b67ae9,0.004808459496592594
ck_9dc23031b6b494af,0.027705707613837775
ck_fbdac0221bc03f66,0.015040750164375168
ck_863708a99b92ef0d,0.021091448548646786
ck_22b52654776a1ea8,0.9867752643533323
ck_a0714f98001efa0c,0.024528755415255718
ck_9c56114f84e9a541,0.01081196273029583
ck_e155cf506b2fb699,0.005902341671310766
ck_65ed7e72f24731e7,0.005224215987252713
ck_822d6e8e43befc72,0.5169883256298428
ck_b1182471d9ac6b26,0.002430544001224027
ck_821446adc95e6da5,0.009225742834928122
ck_ff182f033134dbb8,0.023922510198502715
ck_9c5feef7647b0588,0.01519613397641793
ck_df935d8bdd44883e,0.0076106316284919
ck_01eb24c18ad11fca,0.06812739783772848
ck_00d6730134a1eb51,0.011186861582725383
ck_79ba8e85678d0224,0.017395068170223894
ck_97e3b04a1350f6e4,0.02922257684441541
ck_74e9747954a46eaa,0.007842960708890507
ck_397d5fcc9972f909,0.018972651350911474
ck_9ede89e8a43c3f53,0.0619162083917832
ck_303b33910d67f306,0.0041273440542382
ck_3c17841636f6f7dc,0.011706243946436462
ck_78730527f8ba1438,0.08033042753230708
ck_5ee32bc6bb5d1d4c,0.0865747297711461
ck_a13fee8cd925d0dc,0.006459696887264407
ck_6f847263379f2e43,0.03532450641213867
ck_9b9d9e579e7b55b2,0.05045041764171836
ck_87c1d0a79e79c84b,0.013251673031071618
ck_bfc453eabb472f91,0.009739767229987458
ck_978c21bb5fe3171e,0.022925343214750232
ck_dd882323474431d4,0.12581665379591103
ck_533c4f7400d5ab22,0.11895761328386137
ck_5f217bfe28954e75,0.9814011097399472
ck_ae96d35465b3b4bd,0.01191205262818537
ck_512ebe97c0af94dd,0.05130255126492361
ck_f558fe02bb0219b8,0.006123919996149084
ck_84092e23d5ef4d51,0.026099741503231758
ck_17d3022ca12eacd7,0.009375602550300614
ck_8a8f81bf3558fd9c,0.00819340913016969
ck_0ada6fed1864e7c4,0.02644340910498523
ck_21fe7bc59dcd78fb,0.027066347763203196
ck_e136e20c1c74fe38,0.023162279926468625
ck_e7a530e09d113dd7,0.021819894401710227
ck_7cb0c9ded4d63027,0.026534090886230148
ck_102db9615e722c9e,0.035576632232769106
ck_129e39ddfde92eeb,0.0015504401017592928
ck_d730ff21bfd7769d,0.01097023820446374
ck_54459b45d2be8459,0.0031128812215043804
ck_7f1c20319eb60aa6,0.9941670805626257
ck_939fede90473e412,0.004898631064487844
ck_e0f9506a6d5f4a1a,0.019855050480752343
ck_9a4967cdf49265cd,0.24766913364300608
ck_b9eaf03453ac7d5f,0.0041754914511359
ck_522477be6376b450,0.006823093579111527
ck_9b6282e3bad50710,0.023623173370141373
ck_a0e3a2facd508e49,0.05605079799456769
ck_97ffae702f7c3d08,0.0038131719996808834
ck_344a95cb7115ec67,0.004986778850562612
ck_1f2760764afa45e8,0.003922363390119815
ck_720cd658d11ea428,0.019116953450153133
ck_04e32ee9834c088d,0.7092365300715702
ck_2bb1389e5e72c8f4,0.08808154792914377
ck_961e7dbc217cfbbc,0.003244423295918276
ck_f3bce4eccfa6d6bb,0.013263575787746906
ck_e0ccfa0d689339be,0.006403451492597863
ck_98217aeafa0bfefd,0.01856819093883749
ck_a02aeec1914c158a,0.009817448870354645
ck_20a17e8f206a14c8,0.04333194463754437
ck_114c32aad4b6183f,0.035833391337621055
ck_79f5198f0decef20,0.0033019997993151253
ck_2209de229b4c71c5,0.01539375487056587
ck_6ee939b7f396975f,0.007890037939798238
ck_202f0c14b07ace01,0.028935217859174384
ck_fa24db9d416ab904,0.007924402486000322
ck_cf6aa24b92c4d33c,0.9008281555578349
ck_45f57fb8194cefc8,0.013430508358488406
ck_d5eb179dc45394c6,0.024754332513295958
ck_efb24be983342f75,0.012495102811951079
ck_245f5d62ead5ef28,0.016621368414932815
ck_15fe2a47fa7e92ea,0.0036620923588262426
ck_b6527a85fd682554,0.02065324659812673
ck_11f9390a11ce9ff5,0.0235701272253266
ck_ffb4d892c5158201,0.01675799737682175
ck_d4c1da5a1427fd6a,0.09138650980460294
ck_2c041b1efb1c5063,0.01122361978426262
ck_ecc18f40b33be769,0.04939844775443704
ck_0525349f3945375b,0.036569740279997605
ck_0bfe62e0c7eab9c9,0.0129250491548037
ck_b7c37d410b1646c2,0.01726038802851773
ck_4b15b0746318cf42,0.13294685349882937
ck_e5ee006ecd8ff661,0.032860784068661206
ck_ccc83cf66365357b,0.0299565139520005
ck_34a33ffe8339f66d,0.9083599235362403
ck_4e39e3b165edab58,0.7285151707231678
ck_1a71f8081ae00190,0.8627457520900819
ck_ed8f1200fc049c40,0.9465536005209468
ck_8a5a57858e8c77f3,0.01555809257327171
ck_fff9fdc2adf5100b,0.9655244933018917
ck_c76f1bf40f3b787b,0.0011875865343994529
ck_1a6ddfeef82b1b1a,0.013384960521970668
ck_478d2667aa9896d9,0.01110452237522676
ck_641c8e7694b21f3b,0.010412023398633815
ck_293581d879f6663b,0.923603607916668
ck_1bfa8abdb22be8f0,0.03792002546171692
ck_05ab5b03d0bf9ce4,0.3426246985098542
ck_35694db37f0cde7a,0.0015145778472840953
ck_fe33eb743d714c03,0.015565050109438393
ck_abd10fbcbaf2b038,0.014228128230885116
ck_46d51648c1bf80e5,0.07394595369863624
ck_5c8390017fabfaef,0.116662820029723
ck_87d55ca333f22072,0.002142640416441232
ck_c39c6a1453e2b92c,0.001368696231011285
ck_69ff1b0aa143a168,0.0017720262960067169
ck_e57c79eaab35ded7,0.005638554003545216
ck_463ae759e2b6ad1d,0.09555655157699879
ck_0dae4a7eb587f3ba,0.008012184004212606
ck_9b12fb56529ebc4e,0.009505768217030435
ck_1af547077ba2dd03,0.21968771593765968
ck_de13de941bebc7cf,0.0013229044145037056
ck_83dde7da2bf647ac,0.01320123765368698
ck_c80a94d4660041fe,0.039513565621176666
ck_f39cfeb277ef6528,0.00694383587267007
ck_1cec1ed1512a2d3d,0.001801058766438517
ck_7955a359b6448799,0.008010774907633177
ck_8c0955dad13c3ca1,0.005166767666798374
ck_6d4cd2de601a2308,0.01457521882541382
ck_f4536ba8dd2d551d,0.009066665364776499
ck_b379c198d6db2d62,0.04271775458601433
ck_76ea90ebc74bcdc7,0.012269199396053712
ck_734f06bd4aa92781,0.024962559089821246
ck_677e1d0c14cbf569,0.0036008016431662514
ck_259271c70f3fbcbe,0.033731030000037826
ck_c0b744eb9e7d4eb7,0.013979439216242145
ck_3d41faeb96802f68,0.0038394793245704216
ck_8f604fa70fc3c8e3,0.07759789201906706
ck_0b3c3bea0e0ed339,0.009893232206883023
ck_be5df076b8a86409,0.0023120581839659354
ck_6a475fe324d7d790,0.012802049337250782
ck_3ba3fa5387bacee8,0.0010738697313550495
ck_324b9939d9c1c31e,0.003674448393892882
ck_a7fcf7b592f68ca1,0.03003090721142742
ck_5b2728f7cca414ae,0.0013124729531578904
ck_5f4a25ffd0b85a47,0.01830636811325074
ck_63d4f5076fe4406e,0.004139930821594896
ck_af528d66c86f0cb8,0.12459564625922988
ck_ac7cdb9b8da7b5dd,0.01933047345769959
ck_3bece63711407e25,0.0209190703669154
ck_d4e0b2a12fcfc35e,0.0036817671017312197
ck_ee3e7c9d3a9c74b4,0.0308793702710798
ck_50d7c4dab837bf66,0.010349622603528405
ck_ebcb93a2990fc914,0.03328094088248568
ck_2329cc9702cdf7a0,0.11929644419418474
ck_db1fa53d588bf99e,0.007827260375181846
ck_44e57a0bad5a0745,0.017240666916927067
ck_472c81a144f4631b,0.003781012501281278
ck_1658429acd5306ba,0.011985639322791269
ck_466103ec5bd9444b,0.006843028030367364
ck_9757163e25262b74,0.027554855027431338
ck_34ed59bc2c9b0186,0.006054872979198624
ck_b7bd3a7f263f4f29,0.02994097945231038
ck_149662b09d632e41,0.012444108495705607
ck_a9ffd6b3957bd41e,0.004229164716620735
ck_ab80466ef615e85c,0.008833805901222751
ck_f2c824d3473db24c,0.007134653129526328
ck_a4a01fd45936b078,0.020262332437540047
ck_8f6ce158c2902877,0.0021343659254252885
ck_5189a302cfa7cefd,0.002869845874720102
ck_430a3d03be588201,0.014022338306793511
ck_b5f9dd00914b4db4,0.00484179235471447
ck_52dec82e9cf6135a,0.0056041511674742705
ck_95e444a01e2ab4a5,0.019802620664499573
ck_e37cee7b123692af,0.013987792299586941
ck_d68d42858a55adff,0.029401488371528686
ck_3abfc010091d679d,0.015227578288382244
ck_cee4e4e1b62bf82f,0.019165301079588425
ck_9ccb17c35e636c5e,0.0046098838220455084
ck_f72a5a3b0d6c1177,0.0022995797563351962
ck_7508aa554fae6afb,0.10757298355942307
ck_003aa842b7ca1d77,0.29139780292102024
ck_83b2b192f41ee2bc,0.09078754487816607
ck_64796b6b2c3c7f06,0.032425450523697094
ck_6438ae81d43cb196,0.00667412823831564
ck_2bd73d9098504760,0.039050924922659006
ck_aa8b9b36a099e4c8,0.022978099635337024
ck_e5ece47d0dd10526,0.09221002752554508
ck_16077ac345472e6a,0.008912153304413327
ck_a4d6e152b0076964,0.005825878003776527
ck_d90b1d03ae151f62,0.016675931156154376
ck_18b36d342b530af4,0.01076180935880009
ck_2a01e610348b84f8,0.027688261186833627
ck_0a93ed76bf36c8b6,0.01289586075431775
ck_3d56b477fe2370b6,0.023994338107278492
ck_17ab3068fa303682,0.004767693629600214
ck_592a3520d841d11b,0.019296719634702572
ck_84d07028b5fca2f6,0.03973120871196104
ck_f4a2bb10afa85743,0.041436124528348175
ck_4fe4b072f03f2c1e,0.005198936316365425
ck_9ad08fcc183ea1e7,0.003495160921452547
ck_130d3848b9dcdb05,0.0061803796305923715
ck_bb399ed6bf28c230,0.020078601924327727
ck_a31a64a39a2c4941,0.005901547280526007
ck_c49f25dfb39909cf,0.07554932914822808
ck_55f50a9ae2db8ff7,0.003650977870916396
ck_09faa4e771cf876b,0.00883262855895634
ck_df520a7a6e405889,0.04108275337950677
ck_8c8c98cc694ac900,0.0323236825608325
ck_7f0c4f609673ef62,0.012720928030794679
ck_f51fe59cd445d2cb,0.008125536426261397
ck_b3fb83f0d772a831,0.009616812438737772
ck_d6e7e257751c299b,0.002527652355623515
ck_0d362ddb4a1cb6d4,0.0216014508679101
ck_a574a08edaf81781,0.005288609309903456
ck_a823f5bcb0e4b9df,0.0018320678470780938
ck_f792586ad0381eac,0.019617240848074563
ck_54bfd70022c66983,0.004190349704165258
ck_fe0a9372c9372de9,0.0069075983963684225
ck_5691cd6fdb6d8147,0.009688320102673825
ck_a95f212a02433d23,0.00517932075172554
ck_f5adad75e1c06731,0.031251195767962606
ck_e09c97520eb0533c,0.019900513444419145
ck_a1e13c0d58560340,0.0018628087685494195
ck_cacc2ca410cbe80b,0.04099391342417777
ck_c0dde2a6ef1e08c5,0.0017272924006585515
ck_a04403073c90ce38,0.0012910721218642428
ck_03d3026107175dae,0.011594928580674938
ck_50176dae5b1b716d,0.01964455519558568
ck_6c084bfcb38e96c3,0.020540513459548587
ck_36d2be9012f7909e,0.022156996355097113
ck_958acf84c6137a22,0.013674162223316232
ck_114722e12db90a73,0.009181872876826012
ck_203c2a22c0c165ac,0.021055310589720995
ck_2c44ca550e5cfa82,0.01992195811124697
ck_df0a8f20ab8f14f4,0.028843412764843958
ck_826a27ff7555192e,0.03521969677403925
ck_09a988ebcf062297,0.03589460379992225
ck_5c82444b3b9160ae,0.017791199672156578
ck_f6a4a7ed27fe76fc,0.14728422763007637
ck_17de46314b5c6a92,0.011775543738741123
ck_335e63101b1e6c4c,0.11666706778765609
ck_c5eefc0697451de9,0.028124156644660926
ck_49a0efb5d4067b6f,0.18712175324084218
ck_c1f4509c8f5dac5c,0.006196825408833529
ck_57658eda1c59bc52,0.008804080302848285
ck_0d5c0736ec76385a,0.001416129486211375
ck_e0239e6ae30795a7,0.019888032690062854
ck_e4459115cd8e5e4f,0.08127820836340914
ck_bb4aec09d4968dda,0.08960818254678346
ck_a1b4c96faed3e0db,0.01718951126751271
ck_8247b79ac67aae7d,0.025775218319885024
ck_fe2fc7d6e5d83f09,0.05824105463860743
ck_f6aea576cde8d592,0.0022861289838127974
ck_b7e7f7d0cd886412,0.05901215916524463
ck_ca7b993e8286af7f,0.0033199020115868426
ck_47de038381a9cd65,0.015570859692008294
ck_d38f941d09eec820,0.028954274715969085
ck_d9ba2a6c0d926b4d,0.0022948767620383738
ck_cda72f597330d0f3,0.004030632294380291
ck_16d2d27fadeeacf7,0.003650947136789242
ck_be05447853d423a9,0.0017511331297133728
ck_cd92852d7376a4a8,0.0026036960931279064
ck_2faf7ecccc9fec58,0.001350972994373477
ck_db8733fd92f20cd7,0.006956800325553192
ck_a9989a3a94c26634,0.017847083380253488
ck_957fb25437c75e41,0.0363519653222898
ck_e6a6caf6e7de17c2,0.008741412468701412
ck_f7bc569b37e8bdda,0.009632303619228486
ck_703b375dd86a6124,0.01886557558496306
ck_d3cfb3603f2c6ca3,0.02963833913941104
ck_07cb2b6f2a4303e1,0.020027895182089007
ck_31631e2028d4f855,0.014512819733385569
ck_1631bab0ba1256db,0.04414565569091784
ck_5fdafeaec036f016,0.01059851753041478
ck_6eda4c36aecad602,0.004400046345912538
ck_bd1bf9e3e29de281,0.025722793680083504
ck_bf378ea558a4125f,0.8870911220148285
ck_7aa2deeda0e57412,0.9895159528520286
ck_d229cf7f5a3f38ca,0.010190273950022387
ck_9e109edd124492a5,0.0036602372665096913
ck_779491819995625d,0.05815413638724104
ck_b89c6fa2ad0a12f5,0.020700471149970666
ck_1d01b4a609918c4e,0.7735176408771689
ck_714c5d7cb17bc9f2,0.0037508067792387596
ck_269f1746f2609ed4,0.05555860883063382
ck_4be03a2aa62b93c7,0.002813612308657214
ck_cf920313f6dd28fa,0.0163360647838541
ck_fb00aae4e17740c5,0.012805327762317206
ck_085d8c42739e2b10,0.9918469427168487
ck_c72a7d0d03cf3e17,0.25743950242904057
ck_8f6ca5d3b17eac6e,0.0020027591475703346
ck_d9573100bbff4014,0.07537090303040975
ck_79d6793d1d0cf43c,0.0031068671295178974
ck_91fa5032f7aff0f1,0.035235837705134804
ck_87110d84872c0fed,0.015158973097548361
ck_8220da627e9992a5,0.006721390916433329
ck_2ae44938847f3852,0.03272551878863279
ck_b0f191e44f9b6f35,0.03415426021961251
ck_3049d744b527f4d0,0.008423799561997828
ck_47d3e8d1dd3fbcef,0.016485705585850895
ck_ddf787359d2b5deb,0.0027982600946358173
ck_b27a9e39726b26d9,0.004649492467174012
ck_80c4e9274cf976b6,0.9770873110576206
ck_c6afa913168ce8fa,0.008526730296815563
ck_52427b3f8478db19,0.009537568537942472
ck_3b810f15ca0eaa55,0.008939202180819705
ck_0c9e420f97baaa06,0.7332135419701636
ck_f8540cf3a8b2f8c9,0.025541849070006395
ck_1402d24dd623df72,0.008015254472277104
ck_eb4f4267e24d042c,0.0189237941744163
ck_6f661b428d6fb8e4,0.13725261632964722
ck_519a26ecf3d29c90,0.003769597485981238
ck_e886ba71d4a6fd73,0.01669402199260133
ck_437f9ecd2016a1a8,0.0035381224759088842
ck_f01af1b0c977cc06,0.008220059104625761
ck_614f777c2eb5d537,0.004499016235032452
ck_b804e784cde9af8b,0.008007135256116078
ck_c2dccbc1b24b137b,0.5756625195368936
ck_1df4a1781a0f6999,0.019849457136911143
ck_bd2cdd53fca26171,0.11538821018864931
ck_424c254249a109f0,0.023992872182601
ck_cf2ca4f286e289ba,0.020118576440782673
ck_6c33cb15b0d8af54,0.01762345466857809
ck_311d395fa9b8550a,0.005415102818889656
ck_9f792e7e721ff7f1,0.0036069091839204506
ck_4c37586080edb7fd,0.001514642254636253
ck_7c4f42c5397113b0,0.002458866772417674
ck_fc418f53ce4aa579,0.9554747338937722
ck_1ba28fb7ef726ce2,0.008959275441088783
ck_d932f98bf6b83956,0.040008238004680646
ck_248b3659a9239240,0.010745513477106238
ck_6a92cf5f4cf5de38,0.017680373229230013
ck_65519d0fb137e0c5,0.003502164073385595
ck_ddc3fc99eaba2064,0.027551820977793164
ck_7310cda3bc65a73f,0.005250574728131859
ck_c01c85bd631d4054,0.0054489690371777805
ck_b4954d16b9749829,0.025081238935300437
ck_f301f6758e170d66,0.026211143489861997
ck_9bf95f8c47e7c7b4,0.008329612582422558
ck_c91b7fccf6aeb4a5,0.04138283274836935
ck_785fa45e86bc5e95,0.007367149557197445
ck_2a65f1cc23f1180e,0.0034751830152507162
ck_a49a2c1f881a3560,0.004002808437706848
ck_def344d68f06d749,0.02611504262531394
ck_abbd1465fc730d78,0.005404424450373466
ck_07a5610ed28162fb,0.01985955753964128
ck_7ecdee2d7127be8b,0.017270519673721615
ck_67858bc00e81490d,0.0018060086134629068
ck_b4ad165ace910222,0.008528233934483357
ck_30753ffe481a1b8c,0.20424692850275616
ck_c401a26725b17177,0.0031734856206353784
ck_819988d8a7f26415,0.004902953245096539
ck_3364a1d9261b3638,0.01642485083905531
ck_c484c5bda389bf20,0.0021257639308914326
ck_ae416325fef92c9d,0.8942476208405614
ck_5517b9a865960542,0.005713381309804637
ck_a0e96fed380440b2,0.01590888242446538
ck_e83409471d2b0b44,0.030519682267259353
ck_127273af97d7827d,0.004517302378223604
ck_aaa9861c91bd14dd,0.014620283089500483
ck_a378c58294001a36,0.9022548520669547
ck_abb9d65ff1f95b64,0.05083777801303257
ck_a5ecbefa849ae569,0.02963062282547562
ck_aa9953c0ca2bed7b,0.002377927353881277
ck_40bc6de252865f32,0.003618342277294845
ck_9fb11688dcfe1513,0.0062240736033466115
ck_ba68841ca2ba073d,0.019267276474552134
ck_1d3e561a7d20be0a,0.98520610223307
ck_99a92d710a29c1d0,0.020488543304728813
ck_ede2e887697ffac0,0.003432080172476701
ck_e6de67c0d82a7b83,0.01423050484945626
ck_6b38763bf5ddbcef,0.021176555930048652
ck_8dd44eead7d765a5,0.01779864396254047
ck_30bf5b0056eea9e9,0.6560482353548416
ck_2981d16f8a51a8ed,0.04852826482894596
ck_fc60f42c68c7024f,0.03157101216091487
ck_8e2b2251ee224aa4,0.004871336529470108
ck_1906f0dfaf6e9bad,0.8030756178442013
ck_dcbe6814fc4ca0b4,0.03103196761306638
ck_f7e958a286ae3b57,0.00397117642356413
ck_713649668a7ca824,0.01671806534321004
ck_6f73cdbf9305e2ea,0.015268585177068996
ck_dd1c490050cd9051,0.011207386107386575
ck_e30db36e376606f7,0.07227328939696559
ck_740d8fe8028b5a2e,0.007169188129723383
ck_ebbc9418cd41f692,0.004376204997895326
ck_7b3cc6cc3f250f39,0.05256359855287065
ck_1d30eef7110809e5,0.16216349545721565
ck_77e0589ab339ca66,0.007300582652913274
ck_15ccbf8ff7d14086,0.010343719673121645
ck_246989b0c288664f,0.02691758916576952
ck_fc2a6e27b10b10e9,0.001574683116830297
ck_8afc1112c12f5402,0.00589653035647731
ck_a76e8d83b9141364,0.016668521920912716
ck_51d3e8dd7465c015,0.0046841998165570555
ck_e7b4016909405981,0.0014195645018959598
ck_e7a3cfb9bf908e80,0.016283296911917503
ck_2bb49dc2388cdc1e,0.010169054469589522
ck_94f4266ee7871345,0.011240487723813988
ck_b2c896beec146477,0.018357933230532794
ck_fcf5d4a4748cdd53,0.006172292785472117
ck_fd0483639811f62e,0.06288876858966472
ck_9a21d183524734aa,0.04493457304366989
ck_1df4b46c0a4c317d,0.021279137250822405
ck_638df9e8a22dfe0b,0.013339204463160836
ck_65acc43a6dc3e65d,0.010429574776065877
ck_7c67b73196e3d0d9,0.008576201586734788
ck_b0ee3a98175b462d,0.0035469580953590867
ck_20fad010969f1abf,0.002991999980929627
ck_54b087bd873af8b8,0.00833500202211942
ck_8007824431fa803b,0.005881394159054309
ck_23aab322810b9fec,0.011086136187002053
ck_c8001bdb9aafc8a6,0.011784573927699799
ck_3a34c3ac83cf84b3,0.007839357312490488
ck_60187ac2c473a662,0.9802259197457388
ck_6a0ccd7357979f0f,0.1296224931500055
ck_27f20337bef5ffe0,0.03556588123233517
ck_f9fc468915afe49c,0.022903493033838655
ck_1eabc15a94bd9009,0.00856999362418286
ck_26896c494b2768ef,0.016103346548665926
ck_348c874eaf0354f4,0.03536257004280461
ck_be9c46acd216b45d,0.029636936933407507
ck_a3cce46d15cc20a2,0.03124369951268697
ck_70804f60d9704128,0.09953486401174119
ck_a019151ca8e7527a,0.01355458379014495
ck_571133b2aa8ead51,0.02363387982977252
ck_0afa4449f20d5196,0.005418385022549224
ck_4d503c41cf4e5034,0.02120051281891369
ck_d6fb9cc5171e3e9b,0.804628333842377
ck_05ed92a7c3e10e5d,0.012232229528243646
ck_bfb067986660afe3,0.03758319205450958
ck_c1a31690c8573226,0.02753669835751406
ck_cb88ef3dc1f42225,0.002622303564825427
ck_21e3b3bd998745e5,0.13468519592352288
ck_cf52e46fa54e4540,0.0024537973048563695
ck_b72c7ac4208052ab,0.10055069125936071
ck_e6465c56b337e6c2,0.03848040671686577
ck_5f87eb05d18186c0,0.010657943405017207
ck_263f6c5ff26b5e98,0.00537726890209303
ck_e0b7e2c0bbe228d9,0.005015641531167025
ck_b657ae3c146cb7bd,0.02151019468763624
ck_abac514d8167ea58,0.01326918943523831
ck_024dcab126876002,0.02307364884571135
ck_5d8481e2b38bd99d,0.027452025158016126
ck_edf229c17d25dac1,0.09938452091960273
ck_6cb7c97b72d6b5d3,0.01711236083219307
ck_c96ae2c28086a059,0.03545204976106043
ck_2f241b97c0f8389e,0.019239522271434568
ck_9158bdbb63ee8987,0.03926714383943779
ck_e7b40b60786c1530,0.004669632133737553
ck_66d38518f68e6194,0.0029384190877383043
ck_8c9b57ad2a991416,0.016388706244673895
ck_cc91bd7152d3e9ba,0.010260766185723743
ck_0d846660c7957a88,0.006440904235301475
ck_60896cdac2212bea,0.04235135855475683
ck_dc4db8b932df49de,0.09207898489862615
ck_2dc31db181150e20,0.006053528445935016
ck_2f138fce1171e277,0.007520913811247559
ck_68b8b859a6ef505b,0.021469570629855217
ck_c3fe0c6c5e1f40f6,0.0037709813219497647
ck_15886fe84866de92,0.014882237354483518
ck_ea269b35406473e8,0.0020994000156364344
ck_3ce7cad1f69b71d6,0.03485664825612171
ck_054ed4288ee58d6e,0.02008262658614175
ck_3d4913a86f207fee,0.18522533039880798
ck_23ff85f9d2355e8d,0.008921582925031616
ck_d87ab3261322216a,0.0023458094071053177
ck_fac046ce336fe39d,0.006375942920012921
ck_beb97e498e6cf8e8,0.01962056698126354
ck_1f517e0ebf397b51,0.006327419349866276
ck_0af57ebaa45877a1,0.02409671858509202
ck_f99bc1732ce5e999,0.01478960582441724
ck_abb056a9deab275a,0.026558663485072846
ck_0bfc394c5faa65cb,0.025658855957424044
ck_ddc865af1dd5670e,0.0562920310660247
ck_68b5542459638b56,0.23448775168246525
ck_0b1d84252c0b46c2,0.005793932990513893
ck_520ec32c4f253604,0.015108638075562859
ck_79ffcfee599d77c7,0.09263420855684303
ck_eb224c0fd146253f,0.05143908338421414
ck_0e477084434da450,0.03445375805183032
ck_07840bba5570785b,0.04811687475858824
ck_6b67fe8e310ab865,0.01340791767552223
ck_e2a1068c2fa22525,0.018053375351292752
ck_b9c6b32f6bd92a3c,0.013365467793101271
ck_c1e7d1021ae58f00,0.002013864669370654
ck_5d7801201749ffde,0.020190153906772465
ck_c8806749e263f70b,0.0017057407163174232
ck_c9eeab826781dc91,0.009589756798943444
ck_309a432c160a17b3,0.008213413226204481
ck_b22e3337b8e3dbb2,0.010955053872314238
ck_79c30169c71b8033,0.8599613658883054
ck_5a6593d954085775,0.05910461551194629
ck_70b9b79ea1aacba8,0.014080134007944866
ck_63743141ffa11f45,0.01219199563875916
ck_dfd3dbd0d97a642b,0.014034434321617054
ck_635646a661f05b4a,0.053592963157192065
ck_4b123d6931b6d0d7,0.7104786829207841
ck_f2b0e7a47f442557,0.6950045324057108
ck_1b1df006b81d38ba,0.012218613221086288
ck_360237c1bd30f4bd,0.009688086785035136
ck_5e84bca0e362da20,0.013122534629546012
ck_142dba210ed2f3b5,0.041490989082346205
ck_a3564236069e3524,0.2054044392892017
ck_cf36d8b070ded782,0.009276613320166646
ck_ddd6625c5eddad70,0.0041595921776877275
ck_ad54292a0b2f44ef,0.013115424938056038
ck_45cd5ef6b359e9b4,0.005509466547416012
ck_982c2392238b7be3,0.3025428075864322
ck_083e4ac78685c3bb,0.017222081206809445
ck_729cc0b46cc2e546,0.17274968792712986
ck_f2b8995fe5402759,0.0052190802019510575
ck_73e24f5a8da289b3,0.040095598478182365
ck_bd85f30c36f5998d,0.03077499158528082
ck_ee4ff3aeadf912c1,0.009723277131630816
ck_63d2978706e193d2,0.012238296607546077
ck_6a0684436a1e66c3,0.4844857044454203
ck_182dc4a2f5a366da,0.0015870199738293928
ck_e6fecb82fc2a82de,0.008247993794243527
ck_cfb06f07394dfe64,0.00364162914102438
ck_7bbe1dc8add17ef0,0.013559853429099888
ck_5cacad76e02c8e3d,0.8402218008727815
ck_ca68dec0c7df5a12,0.0037698503482234383
ck_e4c0fc52c82065d3,0.00896864862534833
ck_f9197b070416f443,0.006766386749458298
ck_2a07c7021b71cf65,0.03431378940179963
ck_4fa85cebf707de2c,0.002379958582016203
ck_0063d2a9507467e5,0.0047966646863598535
ck_ec986285fff05b7d,0.0044012398690898985
ck_279d43303708109b,0.016220625034513582
ck_a406bf11e48cf8c5,0.0695476030983071
ck_064b2aa3f0bfdb6e,0.010105503142002849
ck_95790440bc4bd2d0,0.02969267479443682
ck_70066eea13b4c34f,0.01017411441538262
ck_19468fe07e26f992,0.9391065237402795
ck_86bfe328e0a533b9,0.9762476075681632
ck_ace3b96c977a7560,0.3770704852232445
ck_642344e5c652d8df,0.06225769098563258
ck_074be35c951ae10a,0.024971775123963078
ck_f14dce41036486a3,0.9898959302520015
ck_5cf67a3a747e684d,0.3257553297602131
ck_f7285b92648c1c81,0.0035229445917931567
ck_bef3193f124fca5c,0.20392842460561256
ck_05c4dcbb45de1f8d,0.004452208768216478
ck_d7c28eaa05bb7144,0.010868949172472848
ck_320df984791a1b99,0.0028482331010716505
ck_f45bad1606fa00a7,0.0056503838607008285
ck_6f81c199e986d9fc,0.01291714597050168
ck_d0c9633fed57c344,0.0344038162899971
ck_a3c25d6cc7478068,0.017992848478426974
ck_4185506d12cf9fa0,0.0021638630916603094
ck_7a02ee1bfba7353b,0.013927322705049898
ck_1b52590757c0fbeb,0.02456610684203097
ck_a0e5656e1cf9cbf5,0.005732834796720055
ck_ace21f6daef94f6e,0.011457798436236968
ck_646d8d0834782d6a,0.07701585187737446
ck_1f136a4476b5e775,0.027159677824621444
ck_325c7643cce02da3,0.0242213354766727
ck_9b5e7fe28208f5d1,0.015915683589827416
ck_05d81b1a150f31c5,0.0038194857312155548
ck_0e9ec486bff403c5,0.0161051752847648
ck_ee13c091bc379188,0.015003579369867397
ck_f7a7f8f5903617c5,0.01131636736532005
ck_96c3a3517153390e,0.01643691328239869
ck_538dad7f096458ad,0.03065070120657998
ck_8758fc6622bbb7df,0.04012279112947269
ck_f7e53af3c91fec64,0.017152727020732277
ck_80b50fad7f255e1d,0.011937600492243319
ck_9645e7adc08631b5,0.01709824613925563
ck_e007aedbf37d6ec7,0.008603199986200528
ck_2951d76c41de2569,0.030582888971429932
ck_9439bff87e616d4a,0.012218322707765074
ck_a73045e96af0e4fe,0.010468506578031255
ck_7b382e533e2e925a,0.018244354629354045
ck_730226c2d216cacc,0.00938494898314084
ck_bdf837d761a7cec2,0.23982763308534885
ck_0b34197335ba3341,0.005993824160943814
ck_49170c4b31a20f5c,0.0020778095112526105
ck_cd553ba6589d8bfd,0.010681734071959593
ck_56b992c6f136fa5e,0.024321358248653304
ck_8beae3d7328fa41a,0.025987017401474292
ck_1a065ea906ae3d6a,0.008576818144554096
ck_e9e3381d5e0e5051,0.00454686064376953
ck_a6d4f998dadc90c2,0.7196200757088063
ck_d36733da917115a6,0.020355029099340338
ck_e738e920bbd74a7d,0.012982322941879617
ck_af65eb885a51048d,0.0033359704553643423
ck_73f4eb09af29b1c0,0.017955344750458648
ck_8fc641b1750a2542,0.2992921974156838
ck_41b954c7a948c060,0.0053637734922587065
ck_25fc3010e8a0f6d7,0.010695870261573733
ck_a2624e0387974e0e,0.04803498298607487
ck_5cb9d7b2329d5ab6,0.025262437826831283
ck_6c83aa1d100a7cd8,0.04952285126458092
ck_67025c64588abd1e,0.012683575026511709
ck_f5dde68f6f0468e1,0.0023838834673468668
ck_46bfb2cfc29a6d2e,0.00542946661379032
ck_49dddb894d33f6db,0.023152986427394197
ck_f738b633b8862d18,0.001593097659031319
ck_3d6c3c00d854f5a4,0.11697056102335375
ck_cdb8061d8d1a6c5f,0.0058575624046773266
ck_5e1b81848718bdc3,0.013937948868540913
ck_8def763034187436,0.019190388172261718
ck_8f8e4fb9c6190272,0.023048464623218714
ck_368b968b5f33431e,0.004766465585909563
ck_ba7e347251ea399b,0.01784322460923082
ck_9075432001a64e75,0.005624141679869146
ck_73c5371635aca173,0.8137403008772474
ck_81793387b38047cc,0.00289470052798648
ck_0cf220816e320ac5,0.011012651511026893
ck_820219bb9c761b52,0.23375191130346756
ck_70a932ab39d86a24,0.0018772106704665042
ck_2c4be237a7ed79c7,0.002760346308723786
ck_acc764b49ef02826,0.27335270335804157
ck_74c3c3452e4e7cce,0.0028205014220771987
ck_34dfb57e5bf31d2f,0.026198014902510017
ck_6ec39903f765956d,0.01978218221070124
ck_5986119e7d81e831,0.017446672751636194
ck_2ddfc948b8eac752,0.16545245601218875
ck_921ff5ceaf40a968,0.027785614751646752
ck_fb3b68b4424b5f92,0.062368643246235186
ck_c3db1b3ad4f16679,0.0035844886519200148
ck_124a197be41687f5,0.015270124552066276
ck_c58d9151834f5bad,0.018163964889377184
ck_389607982eb6b701,0.9260514335199199
ck_fb0c138c003e933a,0.00707785317234059
ck_50d0bb7edd8c69c0,0.025852257267622167
ck_c6cb651149dc9a8a,0.003296157241694288
ck_81e21354e477eceb,0.02448326604042873
ck_7696e38b3e4197b0,0.006400588117030515
ck_586001d3ed9e7fbc,0.002153817885596959
ck_bba413492dc46f2a,0.02286758102375791
ck_95b894380ad2702a,0.26814758374104064
ck_277621473369614f,0.9941498740283086
ck_a50621b5eeca84b4,0.002186553703909702
ck_bfa7ba218b988cde,0.041944997883623526
ck_5ea89567dfe78e4b,0.014163248912629546
ck_6c679602a6476ab2,0.008885066988483072
ck_d3885e286b3b11d2,0.03838174044218251
ck_cdcf6671b37c9c92,0.016548590044452176
ck_b5c93e6d34f8d366,0.0017891925287459676
ck_c24f61925dc158d5,0.06856452611106062
ck_cd09375e6c81d2c4,0.021528515703301464
ck_a95afc7a00303a26,0.01402490894943369
ck_8e89ca8b39f3f8ad,0.003218424583502623
ck_9a84b396aada3fa8,0.09081467879643959
ck_5124a2e415384945,0.0407630567335671
ck_d66bb1f063357f99,0.004862252155495668
ck_0fd9312411b0ac55,0.013500573567134829
ck_ad8cbe6e27e47ede,0.015818493047634673
ck_8398adeaf41f9cae,0.018528893523246152
ck_dcf851e7bb5855d0,0.002960855966826909
ck_9affb0f26776b642,0.0025417366871037296
ck_f0424b3b36bdbef0,0.043945450193316055
ck_66746d1090d6d9e9,0.0033349858287412787
ck_e5f8c8a5824db594,0.010990751822000462
ck_3e91dcc209431984,0.03509068519326773
ck_126a82e8d42e5ce6,0.003041820278409964
ck_38e4a74ab256e2eb,0.00996898661573489
ck_1225a97fc413a419,0.17392386529745463
ck_9b5ec0f78e160e65,0.003971664842592221
ck_7c5529bcc079600b,0.010233288583729702
ck_29640fc2fe81c251,0.009756250331694609
ck_160e9ba0a3f7c1fd,0.003043660096553635
ck_bff090cb4ab76b9f,0.00556746418000649
ck_aa06ed358e43db69,0.0999273452143915
ck_7264486eb512d84a,0.08680083434830309
ck_f5a32e6160b28379,0.010054406606364865
ck_4ba8bec14c2217e1,0.00907511974060863
ck_610815786d729d2f,0.009541698659830344
ck_e267999226b6321b,0.002979268242594409
ck_f3996a3c8eea1ea0,0.017358234566800964
ck_e9b75ed7567a3f23,0.014308421645950592
ck_d21612d48bb4f7b8,0.032688338933116026
ck_1f871df76c6a995b,0.056156277790330146
ck_953bd5de48ccd70f,0.8197921249376912
ck_02a9104419a6dbaf,0.010241504958176353
ck_1eeeee651e05d535,0.025543698229075908
ck_e2ab04136a442a98,0.006168777027739756
ck_f0d806624ef3d359,0.013491956187943879
ck_4b68b38c1b3326a3,0.005201954635528778
ck_74e60495f8861156,0.018391435872182664
ck_398f3f4cf05c721b,0.00384643435870525
ck_f761b7650a0c1a85,0.02253355524169287
ck_7dadef33f5e2d94f,0.990710772374493
ck_6ff6883633b8c7ba,0.0021635467835521126
ck_4d2159603045109e,0.00928336323034825
ck_a38bd07a5fac5c9a,0.01330389547257642
ck_f517f06551e69507,0.004069326909796868
ck_a7ea00a1760ad561,0.9728636100768201
ck_31fc51d5a3dfe16a,0.023701735671954563
ck_bac5233623b25ca4,0.010939242736782442
ck_385188ab27784fe3,0.04156398715126192
ck_9947a323bab5cacd,0.06001116303084639
ck_7973edc9f22ee7b6,0.03209158946260297
ck_f97c477986043755,0.004051576015257984
ck_1a3fd2cc4b4de196,0.06435246917040055
ck_e18ac29ea62cb435,0.03671909231703428
ck_9720a472a3e0140c,0.0042998770811611235
ck_668c7fc7d7e47c0e,0.030319184913738653
ck_214af0806470ef48,0.011532970387142146
ck_a46c1773f01f0be7,0.030720657295563742
ck_f2bdcfb4203ffdee,0.01936855727478355
ck_40e84e6ffe788a4c,0.016742033011082423
ck_dfc6f5712d8d6678,0.0865596980036788
ck_01ef1036b2e66a4b,0.016546742264154417
ck_3acfec10eec32f9c,0.015808580338465966
ck_084a85145c15ed77,0.007093868948358598
ck_fcdb4fe2f095fba1,0.029107436277778006
ck_023908db0a193076,0.056557008715017454
ck_fec0ff92fd622253,0.015490649595137787
ck_c009c97d5fafbced,0.11149686798298813
ck_eb9f0c06ee017ee5,0.011051478287726277
ck_d7792b429620fc24,0.00643599804040596
ck_5e9e149a3b69c726,0.13148712202547327
ck_ce927322ef8f651c,0.011784962795553494
ck_b8fd61a8e82bce32,0.9342346914992595
ck_9aafc33fba1474cb,0.005490081291675362
ck_ce81ff9b8b35562f,0.011945609977125059
ck_25bfca1d8eaa152d,0.009047090057335786
ck_170c65860e2a7e23,0.008447705071037245
ck_952da7ca9f33decb,0.025957318512124086
ck_1ebd574406235957,0.009258481461650571
ck_589109a188adc2c1,0.021863825884648976
ck_f0cbd5383bb07778,0.032478868759728
ck_242521e261148fba,0.0048707619912797505
ck_509cece86a558de4,0.007217160616850678
ck_0dd7c5925d28755c,0.003959527744066327
ck_a7e669cf1c3985aa,0.014252347591263887
ck_acb84dc2351eeb76,0.010927217052765916
ck_b837c7dac2a9b931,0.02119970226625502
ck_18eb1f9181f95df4,0.006528556759441041
ck_b0b9047dddb1ec84,0.6649345957548709
ck_43aa136bdb0a2832,0.7384239305006994
ck_3e47f8c56c811700,0.005099340594123938
ck_77c587d24695ea15,0.02437523219943126
ck_20578ac693ea4e93,0.09491315308619842
ck_b9f6040eebd1605f,0.051095772616057265
ck_ca9d86f65cfdf018,0.024818130054655756
ck_a4fa8833995c716a,0.005046944918599607
ck_f589f1e29301b5fd,0.17005531177286098
ck_961ddb8ff55d868e,0.001306195985853176
ck_5662492a54e6688b,0.029222977861687236
ck_ad48826c1c26eb78,0.9312984613001019
ck_621c9ddde6bf2eca,0.029185780049523612
ck_417a3500b2c717b3,0.0388734277029888
ck_c7e129058beb3ac1,0.02368988654693115
ck_ec1c902b9b9b9c5f,0.2332905586774977
ck_317360ec0a67d27e,0.18694577652448324
ck_3e3ea5d8c4a229dc,0.03002900333528151
ck_d11d27de7bf0b973,0.678246902594007
ck_d37d56e931105db0,0.006285555249115376
ck_4863077723cd6ce1,0.003043564662847044
ck_479a065d5903e9c3,0.002931771549895429
ck_e66ae4fd586fedea,0.003582346485981882
ck_192bbfd0d5720134,0.014854639432549496
ck_3b436cb29af99f3d,0.01875156118493884
ck_7c7ca54969eed187,0.01946549633646786
ck_826ee896c9f1144d,0.7221685841954515
ck_ba1f6dd43fc8a0b1,0.010662304318442282
ck_49685deb63e4e8f8,0.010153300728537644
ck_687ab5d5554bfa79,0.02418618242430281
ck_41346ccd9242cc8f,0.0027161217399291134
ck_8f8e5e2b9dfec3d1,0.4785539800163453
ck_94d5ce61a0c50465,0.019411802406881718
ck_6b954c75aad8c012,0.03375044550891526
ck_748af92828c9d288,0.0024872941074496773
ck_dddd14091ce812c2,0.01420738559339459
ck_723323f6870fab59,0.01448550755886017
ck_dbdf8d0708cc6718,0.018446770598155294
ck_f04938570a154de3,0.006393573860679128
ck_58afa1550b3b5294,0.015005588721174919
ck_3b150afde386ecff,0.03222847761087193
ck_666b95e75d99ec4e,0.8958787511874757
ck_e00332597cf1eb24,0.02260240113347372
ck_9a9e3dac79280d7f,0.06164784285491864
ck_e8d37262e859d9a1,0.009839015489048943
ck_895bb39d24bc1c4c,0.0034298957132883894
ck_b367449195e36499,0.010968112829507937
ck_d23f9a50d1135ce1,0.05453571293307405
ck_670dc4910cf476c2,0.001985845558180305
ck_3ecd8a5ce65e21ca,0.009634865161736223
ck_8584fea2df4c6317,0.024788873693359123
ck_0789ff4562202b20,0.011371475584647848
ck_749e0e50c3907be8,0.0028259084962934853
ck_c3ff6790cc6d7e34,0.004025760895372751
ck_75fb7e56432ee4b2,0.006000778218633693
ck_529fc3170fd11abd,0.027697122476502387
ck_34a69b3b4a681796,0.1367222040592269
ck_255f0e5888ae9e23,0.02774165027351147
ck_65be698386474170,0.003878059744708589
ck_5eec9ed855c26000,0.006707161500422065
ck_5ab39bdc9610f6f3,0.5224653057564635
ck_1b5b75762f033462,0.014513659824194634
ck_d3e208671cf37f91,0.9272825481877154
ck_5068ee554ceff971,0.036029036873584684
ck_d7d50fb57fcb2d0e,0.00409190439975949
ck_ba6e1115fceaa067,0.023905553101563833
ck_d07bfb16a4a7dac0,0.935726205636811
ck_ead68310311690c8,0.9374409181060196
ck_ee53ce862bc9c111,0.007860771008916608
ck_97e56e6037024dff,0.0058562131138401915
ck_80b04344c98ec072,0.09788640547296612
ck_5954f45a2ab45f43,0.04261520713535165
ck_18ddf7e836256e3b,0.007721223355499402
ck_89a1a780144d808b,0.014923563724370714
ck_a7331e8b808c39aa,0.06668699648765163
ck_a1fd0ad03ff9b776,0.012920421975049442
ck_c0cf50eef030b401,0.002953698801615846
ck_074f20921189e7d6,0.004998193303232528
ck_e2aa7be60794593d,0.12161683218033653
ck_72771757dfb7f7a8,0.026821105090500116
ck_a9cd84a6dddfe584,0.011118809746572329
ck_142c00f9f8557504,0.010774395060073709
ck_221b5d40358230f4,0.05301093312008032
ck_a2d7a563f520b7ea,0.00826988759242813
ck_66cd34bc568d95e0,0.056395898659803934
ck_a17128972d3e507d,0.0920293910158077
ck_bda299466bb2136e,0.06983065403347619
ck_2b699066665abe8a,0.08947704588238142
ck_0ac9848bd4ba0c14,0.0019077890440518845
ck_98d2f9a6ba3a3077,0.9122148341873813
ck_a872df31b28a5f7f,0.05219538145530473
ck_7e73e1d44ce82ed9,0.023883513119923917
ck_1a415416f620d49d,0.0047706791580327266
ck_c95c786d2f8b8edc,0.009902250169095853
ck_e45012f22b7f91d5,0.0019693743771555094
ck_aa0b083e2a6813eb,0.2693857841209479
ck_4666232ddbf77756,0.022628704120646832
ck_e08e9c8ec5f23d8b,0.019059775558762454
ck_31d4c0518e5f52c6,0.006041375693115558
ck_c1ab40638f04cb02,0.009877904872773841
ck_4c1fdd1669c7cf51,0.007407619858154013
ck_11662cc7940ffc82,0.036826430715700215
ck_2e679af24adedac8,0.0043441389744924876
ck_454b9e21b7f25a4c,0.003796248447517648
ck_355c4f29089731e8,0.7904964562764414
ck_507e40760a24d2d5,0.02813440206309681
ck_0943e0f305078e34,0.9903603012976416
ck_abc54ed7111e9ed1,0.007098806421903646
ck_a60fe02fc04407a9,0.04009783617575388
ck_244b897bb4d57c1f,0.013750083917864902
ck_8c84fcde93a04334,0.5969740194812481
ck_9eea37d2de633b27,0.005172000774065395
ck_b2cb9e6610eca967,0.009040262944687787
ck_09aadb4c41b166f1,0.041885404697242896
ck_8d94fbb4828ef326,0.006460193092568218
ck_089e3a07abbe3b8f,0.00603037318522787
ck_dfee9de05e3971cf,0.00818294272115835
ck_6abf8302ce052451,0.08085107842185113
ck_6ffa90143838a4a2,0.0024463108284731613
ck_325caeab5c7a9c3a,0.005098286486039263
ck_1964ee9db929a173,0.9258803723541074
ck_942b95988a6245a6,0.06535286152884517
ck_913ecdeeb8e21a9c,0.015401241879180409
ck_ecf9794349eb4b3b,0.03917084100953168
ck_b6cb8d6ae828eed1,0.03514103154004522
ck_2f82ea66c4f53b33,0.05063791241598194
ck_6e676daa4855b58f,0.0661212382568852
ck_2a37fef48b44e9c8,0.012876786503973756
ck_3bd12d468fdc2450,0.007406034735546668
ck_1a28b6a40a6bd3b4,0.11378478440136461
ck_61b79dec96d15713,0.003656446105821355
ck_31d5e3daced93d3c,0.01637694681676267
ck_e6c8611c0cf233d7,0.005044080302840025
ck_f04761b4a937ac3b,0.01148325168571721
ck_38c1c75cf055031b,0.015373143560715043
ck_59a561f3df01441a,0.3054302838250004
ck_04e40f556a5062ef,0.00953382770214042
ck_8409716d174635b6,0.04937676775484704
ck_3019afee83342701,0.022515718952227978
ck_b51a58e7f032c9a8,0.026636678461975816
ck_5043e474f848346d,0.01727391477881943
ck_4388abce33ecd01b,0.24826926126697552
ck_c93def7392f0aff5,0.053255350078429124
ck_72e7b1acc19df820,0.007140164072329266
ck_f253130dc3ca5b3c,0.006425779160013076
ck_eb264d1b180d4b4c,0.06714620900899021
ck_c2504f5a113433ee,0.004944280848386053
ck_c16ab1e4dafb4910,0.18299309910720965
ck_4bc42878fa180991,0.03722428202316627
ck_1c771a7c78f6622c,0.03538498607711209
ck_d523f0e50a2747ad,0.005236038079618977
ck_9060f4e7ab7a1b0c,0.011386847927835576
ck_6b55ec4e87a5e22c,0.6793958108280953
ck_55fc62a5f89a7251,0.03844209153096877
ck_bd2545c62f258231,0.030581982835483586
ck_1ccdc69d0bb712b4,0.02447517376133783
ck_710f867a3bd5898c,0.0026866252586223447
ck_f91d48c40337d375,0.009731054101384789
ck_f76d929541ed41dd,0.022866538961665156
ck_e26a6659c237b650,0.025650856375104322
ck_184983177b73dea5,0.008444737351887707
ck_6d0d081bfa8a0022,0.023252747274986277
ck_2f6e64f638da0f97,0.010414688237476079
ck_15b93103ccd38609,0.008525898200354268
ck_094d10439b7b4eac,0.004826902345579854
ck_d2ca47180a926ba2,0.014220706804592975
ck_a69ca7b9d70972bb,0.0038075250536135545
ck_68914e67343a7d32,0.005745362256798768
ck_8176616132458c0f,0.023016508075246713
ck_eee99af3598311b8,0.03539198191441745
ck_94410eedfca91304,0.01769701953276715
ck_cfb11a0a2325bff5,0.0037397312322656586
ck_75217ee144b715f8,0.027041929381866607
ck_d56fc799542299b8,0.0037904611709131263
ck_4c352dd3e7c81269,0.025461196714461762
ck_e23e50e02cb3904d,0.04763812395007949
ck_b921af37d500e139,0.01893667343066511
ck_82181b935360dcbc,0.9877678219992988
ck_22a7cf3b99c5e5fd,0.03575780570630531
ck_f67ee7910d532216,0.01514854466940807
ck_5f48762a14a0326f,0.0026260079099660848
ck_1757fcb0e6e3f88e,0.16430560881577028
ck_2c2f080ba185016e,0.02636368921008842
ck_4c25570eb72711b8,0.0022316144417818076
ck_a3be871ca22ac416,0.012990502444138002
ck_ab70961e7c6695b2,0.008566224944751838
ck_a1cdebfc42a52448,0.004411713346836722
ck_f1b80b821a20186d,0.012192622646283704
ck_ae668e4564cd2aa1,0.005091747971729157
ck_0e2bc3a5afa439d8,0.15115996124157086
ck_3dc378f37d0b74b8,0.007778566874140881
ck_9f9555197480d1cd,0.025934544090144226
ck_bf4e7d48770a4a8b,0.06351492604194171
ck_614ef655f0685060,0.00435687366820704
ck_04d2ea38ee27770f,0.001574501258325665
ck_e03a9d8ac94161d5,0.0038216093854081625
ck_d4007b5b26d9d854,0.001439172305267352
ck_2dd147ce6d61749f,0.047234012799320046
ck_ff45764ea7d6619f,0.025391486407777816
ck_dbc487cb0a6c18da,0.7091323226654829
ck_791d5392bbd80447,0.021240971588760052
ck_b4068439c413b150,0.011516849229641472
ck_85df7b7de9700aba,0.004239504928412999
ck_001e42551cd06e40,0.008089029850185692
ck_a6c02ae50932cd9d,0.005655069419133838
ck_9fd0be2c018ff5e4,0.013154474151497841
ck_32a495128395fde5,0.010807656975275394
ck_b6f2a2fd232c141b,0.03275138546304575
ck_28dde633692904b0,0.06654862450419301
ck_a1a93c5f375f6021,0.0035641892846869265
ck_e3982142336782df,0.01823187440384086
ck_a9812ff3c111ea94,0.017376488005213957
ck_f04062216f95fa00,0.02331682464935787
ck_7c560467daca735f,0.0008681671543821286
ck_76ee10d6e2dba70f,0.07204533535871996
ck_3521243bdac61178,0.009686627737486731
ck_28588fb03b320520,0.025672607471593965
ck_580dcec33ec232b8,0.010101091073172874
ck_7109923fd7dab20a,0.016478549532318608
ck_7c872c99481c1e9e,0.0118888632049196
ck_46f4e1f5026f4d1b,0.0010497266042401496
ck_00d1ebc31ec4653c,0.03417816297901542
ck_aac70764dde15168,0.01698926096189487
ck_648c03f9aa4e45f1,0.027551291286625205
ck_5478eb69ef912785,0.16129034358947858
ck_79b8523137bb2603,0.04574271948594169
ck_795c49f312640019,0.001650395157617826
ck_89184bf7b7fe41cd,0.20206926550149962
ck_97d4bd922996fa10,0.00822734799282533
ck_1cef30d08f3a598d,0.002393335574240908
ck_2f9fd36a4a40a6a8,0.0020394701645384283
ck_40780fc0f8d6f309,0.012469651898195256
ck_9083ca9fec2a7f4c,0.008239910098111865
ck_62081bc35aa59931,0.005202965494406684
ck_2e1b46c5fc56b863,0.1032180908450554
ck_3d139692c51b604a,0.17888251339956807
ck_b5e54e22e3d6960a,0.009231576526376883
ck_c0c4be3f44311b04,0.003807634196576931
ck_82a8bdd2692c2a5e,0.0012964040694583246
ck_bdd2da300b530c5a,0.010396732673498253
ck_ee40498cd97183d3,0.006528016350005102
ck_70b9274473bd6dfe,0.0027714442806201518
ck_473d6314ea614b29,0.008350776585944922
ck_7443d6dca8cd1352,0.004301160025487066
ck_3b49768b448b071e,0.008633871010160341
ck_b43f04431c267dea,0.005432108706093739
ck_4424a5223ba2fe00,0.016048524114545607
ck_819bf3e8231f4081,0.040542893971390104
ck_91d417507a8c58cb,0.16282225061968297
ck_e88e86b19cada4aa,0.030103002324020307
ck_59684167f9c6bf4c,0.11223959203591717
ck_d5f5b0dc97b9dc27,0.006173205109943242
ck_13d1b192bbff8f32,0.02083275042384307
ck_b21d8630387cabce,0.0058771520170445195
ck_e4ac22046699b99f,0.012121196847249719
ck_74b848064f2ff45d,0.0035424586834403205
ck_166aa980cc87fa77,0.04475793571051316
ck_98e337806104dd88,0.0024580523673969224
ck_66eb09be007f0755,0.02463047918713267
ck_3ec9b9d8dd7be11c,0.07346514430301876
ck_8b8b9de339d75d0b,0.01154431410714142
ck_6715139e240007d9,0.021013088424211502
ck_a0255ab46e122d2f,0.0030935916941636004
ck_66e81a4190c33510,0.01072814790729345
ck_5d75ea4f5c9080bc,0.8498845686472132
ck_df69858b8a8b3165,0.01172942305908106
ck_e15252ebd7553422,0.004292320025130489
ck_34d6d74bb3ed11e5,0.0044368153849239905
ck_c2608f78f6851d10,0.18331561170325628
ck_bb99071e8f58c8a4,0.5561067012495418
ck_06010f0df5b7cef8,0.046059422553796386
ck_8c582eb0f6c0148c,0.01220566815040539
ck_0034d010d28aea78,0.022065482134820118
ck_01c1f06692566ca1,0.015937598613634054
ck_4807726e797fb893,0.023926557453306706
ck_edc9668282e3c8cb,0.0338446584504029
ck_5486768475af7bb5,0.8389924479707203
ck_3fb9813849e51837,0.015517790627456778
ck_861af5a9a9a6d619,0.006702269820982129
ck_da39653add0f1109,0.004293300762536822
ck_74a4244eb1f162e4,0.0013442927466214508
ck_9a930faade55b8ea,0.0032803563987723753
ck_fb6e06ca88519dcd,0.00842356730061596
ck_9776cd8263a9f415,0.011405597480146405
ck_b3dd1198ac5aea73,0.0329276473824436
ck_b6675a04df1a4276,0.010723365937180731
ck_5c7ad6e731b69333,0.6692454929310319
ck_28dc0fdbaec00580,0.07401762219353945
ck_8e7a32f7e3905f4e,0.016501573124176355
ck_8563fed6674afc77,0.0169313870682728
ck_9a2fcccb82da663e,0.027531813066316545
ck_6a519bdac0d94527,0.003900054675057842
ck_a0dab7aa9c4a39a9,0.005478942082608172
ck_a3ce05e9e5e32142,0.012076598525814804
ck_7a7e40ee3f97c035,0.023607159844501034
ck_9e9a830785112a73,0.027300516952550685
ck_ab1bb02f6b189304,0.73202489393646
ck_7b8cb0f90fbdc8c6,0.010821201618673048
ck_b138fc249e659e60,0.009042241759204435
ck_e73caa3771ec5e0f,0.005282054333896112
ck_18a55b06ccccd88b,0.024832736474013177
ck_fdcb1d9265d8fec1,0.11777686578782533
ck_e21a900556b382ad,0.008932886181705787
ck_c6bf67470f526771,0.01509107692113354
ck_b568ba3837afb39a,0.0022281417691737745
ck_a2858979dd5645ef,0.004821046006572714
ck_1da9d40837ebaa57,0.01671545376962954
ck_9341c7959543c542,0.002787666692810214
ck_c8ad86806b9a2369,0.024444400738588612
ck_5c85d93ecfed4b0e,0.0049481587954299305
ck_f07b09879d697b82,0.005124103894240788
ck_fe43da07608b1749,0.009376108605128124
ck_4bca22b5926b9c28,0.00445076407133273
ck_aba573aa942b1d41,0.011406887989507803
ck_57c14e32fa4683bf,0.004174310022068695
ck_891530b489ce402b,0.004697753724998471
ck_5e74fdadb93ff293,0.026727375163116414
ck_14436a409ebcc90f,0.01976498752302484
ck_00013fdfa0bd37dd,0.007219881614538082
ck_7dbe24ba01316775,0.02619057558891874
ck_0e3f80c1553c591b,0.054796870601608004
ck_3edc45db58760d76,0.005130293736434052
ck_29076a13f539187a,0.2397780340053297
ck_b1e81b58b9a545ce,0.026981608854734357
ck_3f8571d4f7420b2a,0.03132415322114032
ck_7dff6abe4bd644dd,0.38458788959280377
ck_2884bab237af16b7,0.008400626549825537
ck_231e6dd1fe708000,0.0032199308599896704
ck_33ecaa7b892e73df,0.006506693947418627
ck_b109ec4c63503030,0.05144350245743398
ck_a7f522382509cef1,0.005025839679576327
ck_748b3ea941d8b3b9,0.0037138333671921484
ck_29f3a1737a2d9634,0.016096364151202743
ck_cee8d42475a0f020,0.0020697586070224337
ck_c6b6ebe145a8ffab,0.009513252623499559
ck_21c99e1d6b881894,0.0033627532716439313
ck_5ad798286384484e,0.017466880269413076
ck_b621b6ffcc7f4848,0.0052634145071731924
ck_ea819e337233475c,0.4531034373700789
ck_9e3896c2668ce06b,0.020376864495835516
ck_501dcf1ead036d2b,0.009086748253400325
ck_8d5eda29a2cffa3c,0.01423646766308693
ck_4d3aa36ff83f1132,0.5353012720861531
ck_8e9faf94e3e6c757,0.0015064353645697877
ck_ce0ec41f96951048,0.010602427315790837
ck_f09165d73ee903b1,0.010245640452726341
ck_a432b1bf1d3b3d5e,0.156546542556869
ck_ea618f720ff0b4b0,0.00835503039967757
ck_7584e7bd755cb28a,0.005759434211568626
ck_e14681aad43e1a72,0.01490592808630524
ck_5e18870d8e30e379,0.026713193349075015
ck_ff7c26a62bda8089,0.0017789013305993776
ck_cc5a35175d381d5a,0.005797391873165212
ck_3c25029e40aa8a84,0.004229418832888613
ck_771247b5bc16c12a,0.006602088762125317
ck_664b5e02759f985a,0.004237837016982483
ck_692a9e8f504b9762,0.002065643947661756
ck_df8ad2deb0a4ffed,0.016057707329040417
ck_eb48c0bcd12ea654,0.01535365863024857
ck_7c77e597c951cdad,0.014572207139276191
ck_4f75144c6f3b13ad,0.018853585448772327
ck_1bcff399166d7c43,0.004288474287992683
ck_975c2aa3d4a8c51a,0.00947931726872666
ck_bc6f07b06aaa4ce3,0.9324927893933561
ck_80b072b7f3c7e8e5,0.014464962672387479
ck_471e4018a23b4e56,0.04079326185814303
ck_53cddfba570b4a3b,0.042600274324370184
ck_630530e50764f229,0.01898674912835175
ck_dcef7887a4f1e435,0.021691258395255972
ck_2795921a055643f6,0.006932578415350461
ck_7456df89f3792235,0.00250217754586852
ck_5014a3b07e1f049f,0.8965770196273656
ck_d4ec44760cbe03f4,0.015116826553959066
ck_96810ad39d4cb7b0,0.05151595567086798
ck_3222ea25aa29bfa6,0.004287788565557022
ck_f6c42001b84a10cb,0.0736694468030164
ck_5ac86682385c86b8,0.012992241340209251
ck_4280c33af57eb4f4,0.003523216132396587
ck_05f79ddd8eefaa56,0.006552669895468304
ck_3a57a13ce032a6fe,0.0031583514532765584
ck_a721f0d635fad68a,0.011234344527387452
ck_a3f821bdf408c326,0.005613460051806394
ck_0ada63008be5685a,0.04587252948744213
ck_8c949bdc6e8720fa,0.055067036694110366
ck_c0d2c56f9c722e99,0.9730362216415593
ck_5d2b9e6e087b8dfc,0.9946507193194443
ck_5217b55593a332ca,0.1203399095903458
ck_7a7bb9be5a7e48ad,0.013793497986020222
ck_24cd0d779e866287,0.0035878724059174596
ck_7367917891a63771,0.01903103998648025
ck_4b31a8862a857e6e,0.7591455225254373
ck_81429c4910ca46cd,0.005369346176393617
ck_b35d803568f82d9a,0.014064313801094144
ck_4b00e75c2d2d0522,0.00389717231812563
ck_77fced07f6dff42b,0.017945902438684658
ck_3c9a06eb07c300e4,0.0012135013161086094
ck_b3867f7f494db64c,0.012889978618064114
ck_0c45e54897ab34e2,0.03557018588788869
ck_507a6a580ab55c76,0.01501220371991399
ck_291bffc7809f896a,0.026396054912086693
ck_3753cc5b9d02e2fd,0.0041593851843525365
ck_4f63d5245b3ac1dd,0.009877875606027651
ck_9dfb2ae78659240a,0.025069785405066203
ck_90f6f5ced708aa75,0.0021610226000677957
ck_8b5b5a6b5539e39b,0.9656602242916185
ck_4719112b55d20161,0.01887784944019252
ck_fec888a7108ca52d,0.9804685250832412
ck_4f5d022c99f118b7,0.04222552047877999
ck_e967ff05514b697b,0.04526178013825145
ck_839ce35819bfa4fc,0.002218879058623683
ck_bdee1221b9addff8,0.005107797995928832
ck_9cde4036d0914427,0.008597163914828272
ck_5ac959cbcc5e98f3,0.003507304453141119
ck_619842688294dabc,0.016827645774960966
ck_7373d7b04c7799bd,0.012510617890753332
ck_c1dd3feb9a0b6471,0.02008298375559723
ck_0324a4812ec319c6,0.023237704988747915
ck_7f3685aa2933b251,0.0331406673032703
ck_06aee5a62a67a84c,0.045025083466728115
ck_3428910b44b9d08f,0.01726315902034463
ck_c3ba7534cefc1de8,0.01822784042808225
ck_1f1273a67cbad5e5,0.5924150648934007
ck_124565a11b2f8bb8,0.032602260588519213
ck_38e46bc861e0165b,0.013249881529771221
ck_c8ad3f01319c065e,0.08900523162157845
ck_3f94a34f5038f7c1,0.6126376571669845
ck_cee56be5a502fbd1,0.09208754657284533
ck_2b90b76cf4d162f9,0.029439097599160215
ck_884b2e463ff1d54f,0.011915920253291247
ck_fab4f2f8531b4827,0.01578080870189199
ck_4fc6256e0e60a926,0.026964858596591677
ck_0a2f8b2f8a5b6f02,0.030815172941659197
ck_9c0deab8a8367c5e,0.002548322419728048
ck_d3a2a4c011fa2554,0.004163553838240817
ck_4108b4038f762817,0.0277758017088914
ck_4df036e2aa7e1056,0.011645380686782657
ck_ec094eb1cbb3efc5,0.0021164931184406884
ck_09f8f51bfd2492c6,0.013677608587696854
ck_b60fb9a10d6f4489,0.024139306427287732
ck_3638bc3388dbc1bc,0.13771413922182096
ck_7a58e0cc9943c39a,0.005377338268504381
ck_37dab6a0a536ed49,0.029750034300645288
ck_adc576690df5b33b,0.017585313802306192
ck_1383b2b1875000f2,0.013427874706199565
ck_43c1248db37a2eb0,0.0061919977945960126
ck_29c11bd68858e923,0.002523787814948331
ck_9401f9e11f65337d,0.03522964189841492
ck_ce5ed372b1a2ed6b,0.04587036485037336
ck_08b4619490e751a8,0.8694106375817152
ck_44b9125526acb05d,0.009932949492432008
ck_ef1a1de20d2124cb,0.03257270353350354
ck_e5e2624b7fc89774,0.04705857056491901
ck_f5100511609b92c0,0.000896133356471747
ck_64f3bb17101b7c42,0.007645066062982632
ck_ea1e5b5128ecba2c,0.014159729284516049
ck_516163fcf04d5e77,0.019371736046111948
ck_7f9a748110d70005,0.005982169124799477
ck_d263b55f0a681cce,0.018188159953096816
ck_0e962eacf98a813e,0.010755452762226673
ck_0406931800e0e2e6,0.01084980084314062
ck_0e9b982afc88a3a9,0.9857028032762309
ck_8bbb625384edebd7,0.002534234345208466
ck_5eaeb87bf6207406,0.9849138846432492
ck_cc3318839c4b0745,0.005373874693691316
ck_08a0355d1f1890ef,0.005156092763878866
ck_af7ffd1a822460d3,0.2087417577903866
ck_2a09c7aa870edb6b,0.0031862430929796076
ck_bc04f51c23290bcc,0.014043308198711558
ck_d3a8333cb389f4c6,0.015055809973360684
ck_88e3dd3039508332,0.02397121118011407
ck_b8c7771de9b57705,0.005600107217928078
ck_585ababa02383b50,0.004631285798278596
ck_e988c108754cee9c,0.0045988829687377214
ck_4a691892d9d6cf89,0.02075074902007098
ck_7cdce37d895eefb8,0.010169418374481671
ck_483fb981a1fb4317,0.006656726240918857
ck_c1e5182bd99e0e35,0.6829343675936685
ck_9a1e3ec9a1839939,0.01938486784359827
ck_5c3f13de0dbd5086,0.015136105730872965
ck_f4f6f0caaab70040,0.002489658735818583
ck_791be3378dd7d64c,0.015589145617927163
ck_956dd784525f5886,0.04646184130111934
ck_098167eaf124c279,0.026252673255589987
ck_33ecff7914349ebc,0.007140220730807053
ck_e05d44e46c7174e6,0.012156284119677282
ck_1b2ce474fa6582b4,0.03082635617502521
ck_ab581082e8f72e3d,0.004926337407382031
ck_e63256667aa19070,0.03135908993729032
ck_f568772b6cb3febe,0.01919255413431394
ck_dd89a282375bbab6,0.07561742103860478
ck_a39d0bca345b492d,0.0074305137689119095
ck_d12d2924d0f7a64a,0.005498432976747491
ck_6a548da1728b5823,0.9640282675251595
ck_6d64193681d2a94f,0.1480922610839347
ck_ced6b6dcdc7c201a,0.010513072267300106
ck_d1b0699d26282871,0.02788450897397171
ck_58f757e40a9b8877,0.04512582393314144
ck_3272c2c4a37d5220,0.8916879473822377
ck_d94dfde9e03c9d1a,0.11405657837270286
ck_08a6d4903a7fbaca,0.010544899699756277
ck_6c72a36b05fa0f4c,0.043068363817939645
ck_dbb4bd4eda97255d,0.017752453320906428
ck_94b59bbc824b307a,0.0029944158687580263
ck_0229a07185f15469,0.006118148842275298
ck_11bf1039f8b3025b,0.009796128851020859
ck_36789ca11459131e,0.06397713683716219
ck_8572c5f5c1447c62,0.01875486191139599
ck_9e75c6641939f4fc,0.033623684216819785
ck_b45e47c39d4dc7bf,0.009710796062804285
ck_02903c48b6cfd65d,0.0025027865006729427
ck_b153386f1729de81,0.007560454905065685
ck_36979996f33498f7,0.758820917504609
ck_3c02d4dbbf6716b6,0.009199113985985628
ck_66c9a19963957531,0.039956229488551355
ck_bae8dae7cfd8baba,0.002117062346593166
ck_bba0ccc6cd968680,0.05009580385503584
ck_3267fe3aac05c71e,0.0076290446416948775
ck_40052cac10562cde,0.04270885093993974
ck_d973444855403e2a,0.01999184961118524
ck_012519bb095ad36b,0.9798526873022065
ck_ad7c256ea10c4a00,0.12655096701729115
ck_70a60e095e9b706f,0.001512374753291303
ck_f2734417c0db4ee3,0.009170973506585755
ck_9cb89cc3178e0172,0.011447866166303677
ck_779cc0f2de4d5488,0.07128548605619242
ck_35f8656bf93e3b3d,0.01301404183899274
ck_bdd8eba728800e29,0.031039496016714505
ck_002cf760d173f0f8,0.011021067004631777
ck_b046067c6ca3831e,0.005966778183365133
ck_a4a42d4bff8af645,0.00413695768500843
ck_bce253d2396681a1,0.01770304283339718
ck_00dafc060c8de32a,0.05628146223033858
ck_968a99e097ee78c9,0.07032675346655265
ck_66949171b387bb93,0.043566385327306036
ck_ad305286702b1958,0.0029879021622310174
ck_4732da7e0d2dfc7c,0.004872853281825881
ck_17a95bba77217d85,0.028338863323164196
ck_3e2516a3e35067e0,0.004880138147346754
ck_0b615ed566da1f58,0.009721636653721175
ck_d2b3ce1ebabe9f93,0.032147108271544225
ck_a892252e4e0c2828,0.01030767463776814
ck_cf606fd6ebfdf9bc,0.01796782003543575
ck_718865237134ebe8,0.011348517237731896
ck_878522cb775b904c,0.027731958054458047
ck_9ed53de6ef779ae0,0.002929179644048546
ck_3f16e2cd7e6874cc,0.016490604281147733
ck_3c59df37895ead2d,0.00693655043935396
ck_6821459b626d492c,0.0021495290067247595
ck_11c7667920541587,0.011929319555545475
ck_23a016cf6b98d89c,0.024526805312673823
ck_7137eeb394d200f1,0.02421599572848293
ck_9c4886c5c90ddbdc,0.010868242593190035
ck_1422a7bf7756294d,0.9017214984144337
ck_7ebc5fa7f0d3b8f2,0.03792539453107431
ck_fcc2059a8d5c41fa,0.08636711058626065
ck_00ff7389d6a83e29,0.10434138300009387
ck_03129b41457795d2,0.02103323294940531
ck_38ba64efa7c38250,0.023207667902542223
ck_57a6b56b09bff24e,0.015390761685117976
ck_e3b3c5a80a567418,0.0043251773541730515
ck_fc40a16adfced018,0.008791133089678585
ck_9d4b5e6b43bad4d8,0.008390658108028932
ck_61129937ee466b49,0.01649518412742127
ck_74112e47b8629c2a,0.054521982768993296
ck_b4703ee97f94d7fb,0.0016882921833962393
ck_e560f720a988d8a2,0.2793117726183521
ck_708fea345f68037e,0.005017086378401714
ck_25394c1b83e0b803,0.02645762948243519
ck_17ab24fe914ae44b,0.007482377328450361
ck_16c501470d9bb006,0.002295248568153071
ck_628f449e248c19b7,0.25966266910402874
ck_6d64190623dea714,0.006122800864035966
ck_504a45ee08db72b6,0.009631383747779734
ck_6cbb011e0c70bc7c,0.005752238149029498
ck_b3225a98acd04f83,0.004195100450604574
ck_aa37993f1c17cd1e,0.022574609822458857
ck_558cfe5f77a55a9d,0.019130261421817025
ck_0d0a1a021efea5b6,0.018169557482375413
ck_daf7aea023b7a8f6,0.018508145559619937
ck_d75f25184ece2b51,0.0029611262012875826
ck_466d4b5366c50b98,0.002928507650456799
ck_88f27ab479063852,0.021218950936826658
ck_66779098e78c1760,0.004927084822509824
ck_b150fe4efb449b05,0.007748381112998723
ck_9c3aa9f23d01fa1c,0.005445117357230683
ck_6a01c375fc26705a,0.0033476661242074018
ck_002eb6552b504ea1,0.019434303143282698
ck_affa5aa0bff9bb0c,0.05710475075481747
ck_027614eeba8b1a4b,0.005190184850047777
ck_67e075c982add719,0.010139365083840012
ck_399b0d510be98bd2,0.010877409468615335
ck_e9b0bca7368555ef,0.004193827326225958
ck_59c29d9c57b4f994,0.019104845386965462
ck_37176850ed68831e,0.015805441066610724
ck_a0db4ccca08030c3,0.8668598082859424
ck_aa188e5c25f7f42a,0.028060145581330975
ck_7de6997178207800,0.009450246901773037
ck_c729d19053387be9,0.03865219506579294
ck_f2d3e3d90608596d,0.6038927472949134
ck_2db3fb565e0211ee,0.0031025219678016656
ck_bed8a480e27e911e,0.02831419240119237
ck_d7ad9921a4d25926,0.035697652893774065
ck_2a59f23fc5194699,0.0474534624815279
ck_63601a58a6120d8a,0.022003053098361324
ck_efd7b9e22c6317d6,0.06180004675560713
ck_9ab42875a0f95b43,0.19821981506461356
ck_85cb5033fca7c846,0.05600812255120423
ck_5249b223000915ec,0.019747625817342317
ck_3efb0e9bf25612c7,0.010482932275777224
ck_678e74532ac19700,0.011841929640417335
ck_a980b296c95153f9,0.008063979293180677
ck_01ac687ce0d696a7,0.007377819087595206
ck_52e1418cf1aa9871,0.02460692475073476
ck_7d28da4f1dab09ee,0.5702027755922009
ck_010d0c2e6c1657fd,0.04769150123513161
ck_b524f7a2e752b9d0,0.008891898745713896
ck_cc447fcc24a0772b,0.14813098534098793
ck_2cb3c99845e572da,0.00387691362930483
ck_604c710141327a81,0.004070780021579967
ck_8d5fa65717d2e0c6,0.01595905980398402
ck_31199510b40602a1,0.0070896444135185414
ck_49e253ea12f4e922,0.045077175004374796
ck_780738e0d71e7e43,0.005913037674340532
ck_2cd21137a07fdd7d,0.008339373585256014
ck_5e021f2a3b66e256,0.0508790514512261
ck_efbc79246e32c66a,0.33918995487609543
ck_9951bd806c13c7fd,0.07317815715631365
ck_7a52674e2806d8f5,0.03236128020518525
ck_1a319e509f1efa1a,0.0026500753529474235
ck_c920901b9a4ba993,0.9262909364645212
ck_b71279e807d0b3a7,0.015286462377750179
ck_47e1032f490bb018,0.01314410719225249
ck_192579ecdca7ff83,0.009013284629885682
ck_b1496c474c4a3239,0.0036978883502430783
ck_5e68ea2c5e893cf0,0.03685250142020233
ck_f2ecab85d4693b4e,0.030239959875242826
ck_89d7bfc81c3df597,0.019104763362733285
ck_7929284327667791,0.06623003457088533
ck_494ec63c5ce8e150,0.03666124316170325
ck_319b059bb2145586,0.03956976160188523
ck_ccb3767c239018c1,0.004028058988698722
ck_a1c7adfe26e09a8c,0.025258446349399166
ck_0e13c4f73818149b,0.02972119090054425
ck_c285a51ed6214f52,0.043150706079929914
ck_916784595f028226,0.21352116418107445
ck_6cd8e0196365c474,0.009613696475306719
ck_57b657aba4daffde,0.03569052256696598
ck_562c76a3753fc7da,0.7654622404910811
ck_66cfc1ebc9a513c8,0.004344637244050299
ck_0f38d4aed68d7d24,0.2939433058806255
ck_d8ddf5e99f7859e4,0.017451435261018867
ck_41bc3efa0fca700e,0.016694798965071263
ck_40799e129fcf42c5,0.465833675974344
ck_786f079389126e44,0.028232383043867094
ck_bb4c6b713eb0b978,0.059549567020834554
ck_4f01f7eac0efaba5,0.023083185428378283
ck_47d29c01b20cf69f,0.008894469170576406
ck_bf15a1f8d67a30d3,0.013578649273155653
ck_bfecad7586f65e4d,0.017894753343571258
ck_fc9f16df35190eb4,0.12157589154218335
ck_c09c914e416edd08,0.013406465282085608
ck_c54c5d8e4433b0f2,0.005448228121177179
ck_1694c28f44480e98,0.009320968970953256
ck_1dcaa3078dbb7571,0.0020617551008951756
ck_af559f990c640e41,0.01385698804218979
ck_9b436162039a77d0,0.05106598894372813
ck_79d62ef181bd0cd8,0.012243923328258147
ck_23caafc2cd34242c,0.009197148253458784
ck_ffe2aa26f597e552,0.015501686771798646
ck_e6ffd0754ac08661,0.002836299495278228
ck_beaacb4a783db21f,0.003487960617625775
ck_9863bff41d24ce9b,0.011703466383846853
ck_323b9cc5c49f8ea0,0.1227811815731884
ck_ab3de3d3e41c2082,0.006107728696625864
ck_35c93b2924900376,0.02072902247613761
ck_5a9d5f9901e37e31,0.026764696111673113
ck_782b0be796164335,0.004478391458482946
ck_11960b5f1c7a5e2c,0.0371564500917831
ck_9a66cb13a9884cc2,0.023741412354447537
ck_ba666a425930615a,0.002312622464845131
ck_40140bef4db73741,0.010478392921309476
ck_e05e91cc180063d4,0.4492617992844684
ck_c7f6f45710bc050f,0.00472507220322365
ck_055fb9f2e1c8c934,0.027295478165309157
ck_58bb02d98e2b9cd5,0.01884942781507089
ck_d9f8efa6a7800f76,0.010295298416667605
ck_69691226c68fd50b,0.1958875275889535
ck_6f2f0396e5b1c538,0.9862865294558332
ck_78bc3f1d0f35ea6c,0.014691883909497687
ck_2d5a6b6636a2596b,0.01996114035469273
ck_7878545739af0a73,0.001747755775397872
ck_03c4fa4f3ed3512e,0.0022277640605177767
ck_1a9e51d092d62c84,0.6676972522818356
ck_9f3861940d8d873c,0.09689798338772021
ck_4684fdd61c6a0fac,0.019327802626706605
ck_715966f86d5c913d,0.012975776965383542
ck_77f293d44b4a3d2e,0.02755377985655372
ck_24dae044dc05f849,0.014582345116443168
ck_00b9818e2064405e,0.1393133244084197
ck_c1c2cb49c3c1b0f5,0.1370939603295807
ck_bed50fc64fbbf8ec,0.03527725158983838
ck_4f6ed5ea5ab7c429,0.004779015818670237
ck_458531c22ec2f9b3,0.014017539712749836
ck_51c50c4c443df31a,0.6529635342692055
ck_732d45bd578dc39d,0.008127203528546182
ck_783fe5bc20cd02db,0.05769645495165554
ck_7f188aaa63d1d442,0.011655095037376884
ck_ef307a6aee38d1fe,0.823665070358353
ck_e37196b20968b73c,0.023104675620725316
ck_4ef9de711c3d93b1,0.016448666834114764
ck_17946516d5df71d7,0.010949875191779973
ck_3534be0f4efd313c,0.01777562327974227
ck_29fbabf855cabdff,0.008512903146043489
ck_191673540d8486af,0.016607260311278342
ck_5f52728d777ff2c5,0.012547441520611028
ck_a045a19369016818,0.9953051859197094
ck_4eadbe7298b15e96,0.007293374138491664
ck_a3a0bd59729fe619,0.007720983362944413
ck_a1e77090b1c6ccf4,0.012222563577004445
ck_69ab9d4784eb77bd,0.014941971885076184
ck_baa47383ffd50f04,0.009949629841362754
ck_e35b2ed08b9e55a7,0.007000465180484693
ck_b6e3af0a5119d9a0,0.036035536478726954
ck_a7c1dabf3869772f,0.05075901149507042
ck_80b8fca67a14e0be,0.36068608742016894
ck_dd9c5f0c42878e67,0.006531126383990369
ck_41ef7967faf5ce82,0.0018831661512814014
ck_a93560aa348d6225,0.027322420669607154
ck_ffe91d6f0bd93fc6,0.026529011039548016
ck_fbf630c960194033,0.015356167290982362
ck_497ed60723283c0b,0.016249088585478952
ck_2a46b7ca55239413,0.029832222076190462
ck_1a4e5ace078dd782,0.030087725664275065
ck_616cc31910f5de50,0.005061094929051854
ck_0d65bc749eb42710,0.03504934573012165
ck_2408db62e4395ccd,0.02820835740314955
ck_5d7721930106dce8,0.011839824720899124
ck_e8a6acea22b20312,0.09971296836619004
ck_e2f792fae128b18e,0.07116040999832055
ck_e6d3ce445b86003f,0.0033594615765637583
ck_263334d722ecbc97,0.8817207544323122
ck_8c5b29f6666d4874,0.015287300831197993
ck_7ea0bf310fc20c7b,0.5408968874771019
ck_54d463f7fd89ec3d,0.03396381101631393
ck_79e45040dbdd6447,0.025174669558642105
ck_60b4d59953505682,0.7395205766726869
ck_fb00dd5021642507,0.01513391083209862
ck_f409ff994a210601,0.04477084090467126
ck_2ca0020038bfec58,0.7154246236748145
ck_adf84b9df54c3d80,0.04321550536653653
ck_942dbf632591b65d,0.10637659394528079
ck_454a7e4d859a3409,0.0030714411436912952
ck_2139062d4569aa07,0.010909876357059268
ck_e949a0f4df0b3902,0.7608324157160959
ck_bb113e3e6716ed65,0.014271727427791828
ck_6a28ea6ce69cb869,0.13430529456214593
ck_7df9910af2bba21b,0.005345516029915527
ck_78aa4b731cbfe251,0.018906579914626756
ck_5839f5cbd8165b1e,0.021197538776354916
ck_7158ad9e58769ffa,0.08591228337426945
ck_acee218cbe61df69,0.014093591626361167
ck_f8dc8473c2772729,0.0794045001995561
ck_f34c93a8173555b1,0.20534946924464936
ck_7cf301d075e4e709,0.01266302922016752
ck_b87e88ee5512ea17,0.0035558201878423804
ck_bed0c020b10afa3b,0.009373559838813553
ck_ca10102961f99eb4,0.004252094564757851
ck_393287947b5c8d79,0.01833602861313447
ck_2fe6cac002142f67,0.036950511763743095
ck_79c7f0d29b1db1cd,0.019137433182158357
ck_c735b643d3cbf67b,0.005568559567398693
ck_ea4332c8fe48e2a3,0.009045518647302677
ck_d39864119cdd460f,0.006610526819697577
ck_3b963d6be2773861,0.0057159293572831525
ck_df39e3b8a9fd0bfd,0.7649613374726165
ck_6236a461dc0d11a3,0.006679988183985776
ck_475ebccca25e30d1,0.009916588509324207
ck_c10c8bcf5bcd516e,0.06098985211411057
ck_49ccc3716a564256,0.008700535036874516
ck_4e4f99102f6938cf,0.010549311919089699
ck_a97b481ade6f7972,0.043063430604687675
ck_3fa559c679751b3a,0.014010086497414479
ck_3eba1fd2c7acc4c0,0.351090465854831
ck_18c179b4afc4fccc,0.014257510798639395
ck_cc1c0b93d05b7d20,0.03926133201198115
ck_742f7c28ddd019e8,0.024001736927496686
ck_04470bc93b8a0d71,0.008861664217124718
ck_6e8f8ef7a03cc6bf,0.03994175507340658
ck_eb1ddfc353b4da83,0.004872582401623846
ck_98831b57c7ca2e4f,0.004112974715442533
ck_a6c7b8d6e8596d4f,0.059948546384738094
ck_cd7d24e3b095e96e,0.041046400091036925
ck_3f5ae4673a9f858e,0.00989249703886846
ck_05f375fc8ae0afb0,0.009987951203374387
ck_1fc98436281ee39e,0.0036260604687742325
ck_6c48c58678f64bae,0.002102339617201882
ck_8c95aeec6a4c75b0,0.010497378125891608
ck_364cde38958b7af3,0.17669016356690598
ck_85bf21aa1a00452f,0.004318526164151138
ck_796d3eaabc667c23,0.9860543067422243
ck_ac449ee0c315edde,0.002851671970562966
ck_6f9fd15ac6b163de,0.0033896783497588414
ck_4087065be2a45ad7,0.12396470227074946
ck_ecf006bbc78ee3eb,0.25159453459260783
ck_8ca808cc5a49cb5c,0.01636513101868716
ck_94b90ab8b2dfb50f,0.01803272803839353
ck_59fd11b3232de9dc,0.8728523467123586
ck_67f3794d93e2dd67,0.49561141922762086
ck_b7f5acf5df1bb13e,0.011350565643074906
ck_fb04ecbaebb774bd,0.009769612746914973
ck_68ef3e7301c621b7,0.019676385767931924
ck_41406cfa209b6bda,0.003267064318375118
ck_b0f8f5408662337b,0.004714696420827863
ck_0d2901bfe585c391,0.09669519646890268
ck_3398551e81dbf3db,0.03189715912005291
ck_61c3e3e277629646,0.0137698482040567
ck_2825e34dd3e7ea2a,0.007196922863580528
ck_20d7571ba830009d,0.007451417318376309
ck_c98b16f9a72a6568,0.0014689678303166584
ck_e7c8a9e4641eb9ed,0.0019187943088594319
ck_254a7c97c36dab8d,0.03728262410431297
ck_e98429675b46272b,0.006544486976025767
ck_c2fc0ac460786d02,0.036393349951973936
ck_fba15647b3a140d9,0.011203917285654045
ck_15ce50f2704227be,0.01232446091783713
ck_8c748aaa4a4554f9,0.01676571589180629
ck_e00e82a9419ff086,0.038165198090891354
ck_832341c98254bd84,0.009519369246338586
ck_27466468d06db4eb,0.02317812957775507
ck_9d7b9e3ff1f3e71e,0.006068828919745766
ck_42c6973d3a6fe983,0.0029602171518610587
ck_877c85bad118bc62,0.17529826722440978
ck_75d2a2715259c4d7,0.021653563554559208
ck_37d3e5c681a2214d,0.11885267198397048
ck_bf285dd49f372de4,0.03415076383469683
ck_a5bdd026fa9c50fd,0.013936763997703943
ck_88d9244a9cf7a77e,0.6961599634182682
ck_5881b174e49b04ee,0.003658985276431923
ck_5b16d67c5ea89930,0.018182636094859567
ck_b75b936aafac56b9,0.012575339236988076
ck_aed2681e1646a0df,0.032611068240701035
ck_f63cb5e8cc702bad,0.013040944007352225
ck_1805fcfc4a9e4ffa,0.7339471003711553
ck_25c355da356c730d,0.03184289556866996
ck_70396398e4a96449,0.003018180074125859
ck_0f743bd13373748e,0.17858087477914963
ck_4b387765f0e916cd,0.003873315573120192
ck_e971faae8a10a260,0.006285515742649415
ck_9eb08369e983abfa,0.00404668475563513
ck_c30c5844512e429f,0.045207676532641995
ck_59e77e3a81f1fa0d,0.020447050430386755
ck_ca4465f2b5c1a52e,0.9850388497131164
ck_c89b9ca398402f1e,0.005684333105232544
ck_36e72ef9273e7a95,0.007302085372326769
ck_2bdd8616870e5e1c,0.004538402783150012
ck_216e87a41de22b5d,0.09258378100230853
ck_60f4fb44f5efe3a0,0.009798952351815467
ck_05652e8ace6ce6cb,0.0015894005406652412
ck_8c136dc691e65695,0.003035644092439663
ck_a08f8dfadbdca112,0.006462779333039381
ck_bda4041a3e90d860,0.012004649130649941
ck_15dd3ecaa8ce0245,0.8803984146585413
ck_3e3c64b3b7876ce6,0.04010258071193695
ck_46225858a38b2e57,0.006335603658268175
ck_0cb9f54928f4feee,0.017519827703573295
ck_152671fbf8a9a78e,0.11171600974354375
ck_ee7a515e87d17d4e,0.019035851179759148
ck_f7276091bf513d22,0.0020344560062596343
ck_4f05daf1cf0d5755,0.003794756959365893
ck_83a69c4a5d55ef19,0.03484714489865502
ck_c50fed2a7c9198c0,0.03409735551734731
ck_70d19d5650ddc8f5,0.013614203641792983
ck_4b4d99e443618904,0.03387813693107896
ck_dca0b6ca93311ca2,0.03651584248313387
ck_b7431d4706461ec6,0.022022761583185
ck_7b59d22cadef3b05,0.13673133964496942
ck_53428573abcd606f,0.017695673730599465
ck_f538ab6aecf2adfd,0.0007406279989743198
ck_d321249fb065d2fa,0.03809068374710309
ck_72fdfc7e6d8e1436,0.004325392329109188
ck_b52b99dad89ecdfb,0.042820655925196474
ck_d2d4282f9d256b3e,0.006743938133762444
ck_c8f2a1dd8a6141a4,0.003060469332045058
ck_8d38747058d0aeea,0.7998354795048329
ck_3ac528caac74f563,0.021503154392573127
ck_8dbaaa00ad829ca9,0.013809708134856073
ck_7c38ec898f0fc21d,0.004164765207359183
ck_8171ef803f5ff604,0.013334360699967266
ck_01a750db6fc1168a,0.11909688436517402
ck_ceb017baa26e98c8,0.11799144311681067
ck_e2c66c72cc0b0f78,0.09582827417416795
ck_8d9518f64b222416,0.015743509588794495
ck_804c5a1fa5753617,0.016249270672185647
ck_fca7cc9c42695453,0.007344444909571542
ck_3a632cdf2c19051b,0.009413537928035603
ck_b2b63ea65edf1dde,0.024446016687893556
ck_27b07021500ee841,0.019356966568010805
ck_9724718fe64c6557,0.9635688632682033
ck_2786cbc3e75ec034,0.33037342712612605
ck_d9c2622cb6df380b,0.010078802294088356
ck_ae1da8ee98e402a4,0.007992930255894082
ck_62967b91504149f9,0.005704042564269073
ck_6b255bf68709109a,0.007054927717234036
ck_c55afc68421d85e2,0.010778535484691378
ck_7c7266f6ef2a8466,0.01473766622623701
ck_885cf685a9541190,0.6776000015266439
ck_1a4bb7d3d2ee3227,0.06382406144310587
ck_b4911c42f3bff740,0.0021248674612010733
ck_66f9f78d4c6a3edb,0.022817169962627188
ck_49bdba9ee1899dfe,0.02572495081200582
ck_79b235d51718435d,0.06624141159560552
ck_d840db8cfe2ef6f1,0.00428198444948522
ck_610c7bcc1cd7ecb0,0.014987797040825554
ck_cf49b6544aff6c50,0.3524582855734723
ck_de05f97c3d40dd1b,0.02191708885918772
ck_0302f67d75973dce,0.016160010143581274
ck_54c2604c9ca6256b,0.040492580804380465
ck_a1c88c0568f142d0,0.10480445761433163
ck_5d72ff6cc2963d1a,0.003282253031705421
ck_0446920a1004c596,0.008574574767556603
ck_71044c29ef071570,0.007051579707206573
ck_2122e9bb1afffef7,0.006936252150601942
ck_d1e3de178601d3c2,0.03513822852670539
ck_bec8324a3587ef04,0.003345287679255287
ck_b616b6f45225f319,0.04403024444311303
ck_ce1e695884511479,0.03232156381091693
ck_a662b4bf900781e4,0.002061182681069438
ck_b5a84c5547378c10,0.007716279809946929
ck_f80af368cfc6cb7e,0.010547625255580234
ck_da3526ab6c5c884a,0.01847976572378649
ck_bd20be9a3392d79b,0.007336762455684192
ck_b8266dcd90cbfa62,0.005473054130419558
ck_ac84b33304362c06,0.011555057340151659
ck_794d8935a895e33f,0.015784861834985817
ck_8fea7d915259f1be,0.007743638221701281
ck_7a1519ad5ff45312,0.001234195975317646
ck_9bf3ce30b65f75c7,0.05879006972371354
ck_5f864d72d1eead99,0.2133858697078616
ck_3c48e0cfc2a58041,0.2673874089173039
ck_d902183f80cc81fa,0.016982952270373705
ck_539cb0d117db8cd3,0.16704132132732763
ck_28f530aec8e77130,0.04290988357583786
ck_e7d903c50d353361,0.01603129340765526
ck_d288b77d1e227970,0.026831666960022756
ck_017208fcc01b5d40,0.010088321535857902
ck_7e3923d278a5106e,0.010181490305294581
ck_9700a00ff9e66216,0.017012142745492596
ck_5c36c78b7a4d138c,0.025325194053480545
ck_c457e9c9224b773d,0.049179911871186414
ck_1dfa91405d7e66bc,0.00305981197078805
ck_f1d8a2695a575e56,0.003415049764823929
ck_3b92a46daf8d00d2,0.016093238179038957
ck_aab23b5470469649,0.018329141370832518
ck_ecdd01a391610d99,0.0038067764030656676
ck_abd3aa292f8edb4d,0.07252732504281448
ck_7fc9a0776e1339e3,0.003553726866398541
ck_c0389ebeb0e65cb8,0.004856629051863154
ck_48d0fc4f6a2109fa,0.9697461330307211
ck_571dee4f3336c7ce,0.010982486665394187
ck_4cedf26628c84f26,0.04358397855826699
ck_63356762d24aab81,0.023317420895093765
ck_2c5bc11bb7ae5d2c,0.7027702032437977
ck_6d26a152f900fee8,0.0060870388691593984
ck_c972b0e781efed3b,0.004837929188375597
ck_fa0ecbcf9a33d6ce,0.0030588549251680543
ck_fa3a766e49dc77ae,0.017346067321743402
ck_7baf1e55db0dc558,0.015629776600482335
ck_e8bc49e6494c1f37,0.006326890969516261
ck_8ef1d05cc1e53e7e,0.027774526477869314
ck_cef2a485a77e0723,0.0035997288591563094
ck_228a583f23abff48,0.012063672145810124
ck_ac32c6e374782b27,0.031079637026852847
ck_b9485218cef413f0,0.006318701888419166
ck_7f15503048915d6f,0.02466570060629339
ck_b62f5144db15ad34,0.06733321157230163
ck_917d82c552f95a23,0.02002679397613627
ck_fb4797045077bc6d,0.003074656048811653
ck_2cf8a44e041217de,0.055324278195047163
ck_b7dd681eb3d2ee38,0.014769182806509743
ck_e9e8cacd2fa35e79,0.04287731936716019
ck_342a79f91de5d1fa,0.11799734429156535
ck_2c91f62c05685ed7,0.005359866823165617
ck_e30cb64302939f38,0.025725074081374616
ck_d0e95b90ba86da10,0.008160875076519785
ck_1774faf414a5d49d,0.8928838482537604
ck_2401e8ff89e574fd,0.613922198080914
ck_0cd8802264e0a1ef,0.013218544496683656
ck_da84a0dfe947fd3c,0.005730467332621903
ck_c8affb27ba7fb5db,0.0540820848478329
ck_bc7ece8787ca7200,0.003363113131650749
ck_469a0578d05990c2,0.007283818481541109
ck_eef67f8dea702338,0.01565631121440569
ck_4f490e379e9ded9a,0.0032557010535936683
ck_354379de065a8ff8,0.010261394972436482
ck_5db1cb368bc41ac3,0.0271826154945721
ck_9b1c3742dd6fcb8b,0.06913825529725222
ck_63ce4f44c92d7143,0.02714567179135783
ck_e15e3390f5ed45f3,0.01760357567660969
ck_da645ea91d66aa6f,0.13611619545933146
ck_834ca727df855f07,0.03071212716156823
ck_e1d5ad20c737c745,0.1271552854594979
ck_ff8059ae5fa5f1ee,0.0012037546427453713
ck_8bb9e75393954a1f,0.002399971147898595
ck_4e1757d1347ab387,0.9938279339718208
ck_af3f74b1d75a5d95,0.013714890322889462
ck_6b1ab0742ff04c3e,0.09894305777340087
ck_f56073911c9f1ab7,0.004012005028643573
ck_51bd5f69b4fe0b92,0.8869277073370698
ck_fc3d95030b81f416,0.0011084311301755997
ck_cf78169633a1600f,0.0024330746139037485
ck_ad7269eaa65c67f9,0.046488170582119
ck_cc6d33890d47a6cf,0.09479416229877041
ck_bc8f31f4a2ffa1ae,0.0042496076486530105
ck_720776a46e56dfa8,0.00705363720703025
ck_e2d1f212f259539b,0.010766759218480507
ck_eaf6f7082c3db2bf,0.04433633764736364
ck_773efe58c6278c3c,0.08405357560949783
ck_c4a72c09f2fdacc4,0.01576788767396982
ck_8982888dd6611143,0.00249633634930432
ck_9d5049e195eda029,0.026159409961793372
ck_de58ef6f9fe2b546,0.012948931878359646
ck_c0b50c11e4f5adf7,0.05694225862327559
ck_ddaf228487858bb8,0.04414040712254657
ck_eb2323215ff70362,0.012533615215157803
ck_168c96a1a636ea15,0.017043629767029958
ck_9c46711b14d9eebc,0.0031535707216163115
ck_de8af660806b97b5,0.0018090014784135245
ck_6ab83f45bf16eaa6,0.003767796292323896
ck_bf2228a052815840,0.004251489244442519
ck_3f943f20a9da9bff,0.020133163618308133
ck_3baae40454c00938,0.008854777113353569
ck_bc2e771a1d8d2dee,0.04665340080204605
ck_e55f5ca37f30ce8c,0.007315706686256062
ck_4ad5937bef176d89,0.005222880475397216
ck_126531a9126c17c4,0.0032577978844014863
ck_7ec423cb56257516,0.015735172169144683
ck_54748ae0f2daaf10,0.023633717695707386
ck_ff24776280ceeeed,0.005381925342874563
ck_3c3a1a1365741bba,0.0036825873102325508
ck_615277c8a4e2b18b,0.006244964639972805
ck_a96aaef34173aee6,0.6350149871296749
ck_bea56db7f3e930e8,0.003416692072282794
ck_ca491debd3b32a59,0.027515573498561433
ck_d9ea77f4114a389c,0.0051663848098418425
ck_322ffda3332d08a2,0.020270004201922317
ck_c40ffefe4e30b001,0.02348135055075872
ck_3b1d7648d4580bef,0.006716596381398457
ck_23981a3261674131,0.007344461235524429
ck_11667f5b9fac7bc7,0.0037932737849975047
ck_646bb3c7be5f0817,0.013268667720123868
ck_ebd0a45712dcf07a,0.022066916684220853
ck_baf43bf1bd963f9f,0.030046340252050323
ck_e0ca2c819658f6b6,0.9708601287235201
ck_f0d6633d0834fff5,0.02309819162171978
ck_91081be0254878a5,0.01305550583088032
ck_1325000bc7f35b5e,0.0041814232214483354
ck_c624b9063400fa3a,0.08014893755803854
ck_0ad6fa0e23c3bd0a,0.09319433595799387
ck_6ddb55b1f23c6cb1,0.05107116962716425
ck_dce1fb3acd65562f,0.005637002162296854
ck_a9aa389688ee5aea,0.006268331541104604
ck_5c5284c45d9ad8bf,0.03512646850086223
ck_9ce743dd3e92549c,0.017576363158761925
ck_8342e08cc2f9bcb7,0.011752357901244119
ck_25e551a0a8d2fcc2,0.026698138684782532
ck_d4fd0e438c97e0c7,0.04602004039048579
ck_ac7fe1c344190c50,0.007823393383533146
ck_ddd65711b5651f89,0.0025039469783343423
ck_ec7406cb5cbc8f10,0.004784020965429443
ck_1c65e8d5be3b9c60,0.16303330553163017
ck_38ee42f15a573e81,0.14642954151693474
ck_0e5385c70c6de025,0.00472272785408671
ck_d3137f0f7629040b,0.004677453711955616
ck_9129c92c12e0c8b4,0.0029752921787122954
ck_c86520a00e50a926,0.057542731406960035
ck_87f82b2b5fee757a,0.02668116848630922
ck_643abfbd7548d0c9,0.02128187832867934
ck_be51f4e5e6b85768,0.15066842622992432
ck_132c16312f37810f,0.0026128070843957824
ck_c78c096ca8cb33ac,0.004664031635875332
ck_2ce5afbc014763b8,0.009496306775261767
ck_50ed8f4e7ae6710f,0.008274930991106464
ck_5a4eb535c9a11993,0.021492313582745164
ck_9b665ef46d785324,0.021475751575440672
ck_e066f71f8b296b7a,0.004525979703536721
ck_560bc6017870ab06,0.012464141193838851
ck_fd78f8a8663646d7,0.007945509672451691
ck_4af5ec61ddbde1a4,0.016715250406832367
ck_c2ed04a9d218410b,0.008077292960699589
ck_2455d43bbdd2bb69,0.009342566009883204
ck_56eed7041add49a1,0.30573683460835555
ck_5f0be7b468a72333,0.006299553142256867
ck_19660cec756632ca,0.007189062020356982
ck_fb90408f4892a21f,0.017396071161864063
ck_833a65b86a5d9bda,0.002398987445572826
ck_2ac36e1dff211d38,0.019457705205579656
ck_c00e70606904539a,0.01913457529706852
ck_ba8affe4b9505a95,0.7770581863401429
ck_0c3dd22587b08018,0.019211194306706137
ck_618c4e5cfae99dcd,0.06019649934991124
ck_c9690baddfc4177e,0.01568090493112429
ck_59fae092fb0c4aa3,0.011092910040978064
ck_e03b7d0fa0b28f4b,0.003404603171727793
ck_d451d24c780b5884,0.007868693476386865
ck_e980d325b8dbb8dd,0.001903209739474768
ck_cff18e2d8c520272,0.0035196126483569134
ck_a0e46b67e986ab56,0.012147921159610314
ck_3a469039a5b9d963,0.0139396374047678
ck_12cbb211ebd2b437,0.020272544502121667
ck_b8cdd6d6dccc4554,0.0033080714399592384
ck_794ba5921cef50c9,0.03848289851293708
ck_2c7667f64edec2b5,0.005797296144068384
ck_7262b4e0c29c942d,0.012586005425727258
ck_5d818522cbfe2a54,0.06624460385228477
ck_de39c1947fb675ee,0.03739959571526405
ck_c021495606b4735e,0.005726767992415052
ck_1fc03ba33edd9e67,0.01603265776725722
ck_a6fe344bbf67f14b,0.009438042316811241
ck_963762210edc5694,0.046094433488580354
ck_d064428b7e7dc409,0.004578536143876086
ck_59be61b53d971611,0.007729837822580623
ck_ec8738ec663cd2eb,0.026946512687725147
ck_59d086fab5998646,0.02622350078920532
ck_bd32dd3b2cbb7888,0.9960386138760488
ck_ce0166addb93bbad,0.0040379906891028425
ck_7c0fdfbb447cdc04,0.00872424646340724
ck_cb1bd7635968ed8c,0.14427443848927013
ck_66f94903177f20eb,0.025394874401554045
ck_1d7cd5dcbcdafd7b,0.4866402886872794
ck_5e418a7c04437b4a,0.027398971065517166
ck_631ea1ae91ab333e,0.041084047731836604
ck_0a8029e79a5ae7ce,0.053420265414506805
ck_c4cca8278bdad9b9,0.0011239381525409385
ck_4dec3df58077a257,0.34620252624965686
ck_609c249edd88c565,0.007012996417365349
ck_02e5f9cbbbf2f078,0.04614595343163369
ck_32e486859130458f,0.9150106910589169
ck_21ed2ea6386c5a07,0.002483558897325716
ck_1242aa4496576a99,0.007555656673590167
ck_475ea9aa6d3898b7,0.031002653864844115
ck_fe1b1adae3be70a6,0.6730591954373424
ck_c5414d7a8031d4f5,0.003761404719400288
ck_ca1f6f01868e978f,0.08138566269346446
ck_5eff0208c74ec714,0.010625228568407797
ck_a315c9619a317609,0.026221800396055525
ck_2b87683c90acb852,0.02273821315931233
ck_7cd9f39c50748ed0,0.007947575923597114
ck_16a06d58d71935bc,0.1121907928638333
ck_d116e0e7c19b878e,0.4637135897533092
ck_931510e384b1d0cb,0.010243588894605903
ck_e7651fb87bb24132,0.003913102956881694
ck_88ef9f85948e1a01,0.007847910901413735
ck_17bf38d51115a8f3,0.004731827602066074
ck_2659d1d3762a2825,0.01014538311984367
ck_a7285955e2852686,0.009074409245131447
ck_f2c33d5b65b321db,0.01575291572365658
ck_83e5979334345622,0.014104895750016413
ck_629537d8b4d0f395,0.016743641668009797
ck_72022008a92c9386,0.016123099153697848
ck_2973b8274f0bf69b,0.02596362827674439
ck_565e3418d2f4061c,0.007361225336657051
ck_54bb53b8f8ea32ae,0.9837595946390063
ck_af0a6540ea7a36b2,0.00884414819834795
ck_888651bfc2c8cf70,0.011761547110026558
ck_1dedcb48ac381a1c,0.12102599485949064
ck_f73273e220296be8,0.0109536632574844
ck_8424bf65223a5a9e,0.005616657776375107
ck_337b930fd149a696,0.005794966637103389
ck_8a4952de8a123ef8,0.012464357971949915
ck_884168153c9c0c81,0.008044209498051692
ck_fdda581aec411010,0.0023779322101567645
ck_2b7cadbc8b180d32,0.5972269453736158
ck_8aa8b9968233a1ab,0.004751175703137173
ck_0af18b3ce015d294,0.0037968428315012697
ck_8dde670a735d1e90,0.07985036550229037
ck_62f46226f244139f,0.02875783009197645
ck_f948e8a8fdd79b4e,0.006716865867720291
ck_fa00aa0f3e859904,0.03169325973565553
ck_fc7935f784a4f249,0.005576941440968465
ck_e7501307c0698e5b,0.014652882620158823
ck_549ed417f2834cee,0.04515254375191079
ck_fb2a35571ec719d4,0.4436309076477011
ck_25822068c86c856f,0.0025162977046351903
ck_8f35d229b62c8f23,0.008636128024370741
ck_bdcf049c1e7d0c95,0.005779196209851464
ck_0aa9db36eb16422a,0.003676502722863801
ck_42dcf92e9e016922,0.03237892214350639
ck_42341cf31c08c981,0.005225599884404565
ck_0b20bfc515ba42a2,0.018993752415237507
ck_0ec820b670d48098,0.008361226604007732
ck_1f0bafec397da8e4,0.02375412121669647
ck_82f07504ab59ed33,0.043343739349414344
ck_337b24a474010abb,0.9885113157516543
ck_703703bda38fdcf8,0.010369841459047633
ck_01e7960c63dca3a4,0.9439080727161104
ck_be5bd81e3715cb8f,0.9721156003230484
ck_197f8058cea1fbea,0.0013509406065912494
ck_eb3fb1106f2f1b21,0.03300212099767156
ck_658b4b54be09a4bc,0.9818180413615418
ck_266ce7ccf41ccc50,0.015080643891521507
ck_110608c3b03d4038,0.8230802931915284
ck_1be8cb95d6d9bbf8,0.0020477698872918317
ck_8e16a64a776afa82,0.3222770415717372
ck_34bd190d37eda534,0.03030582108824357
ck_4f521611ae14ae66,0.003635467094814995
ck_d839798f9520363e,0.04271679637310051
ck_d1bbfd246c0ac9d5,0.02527523683790921
ck_f19030e6e85a6776,0.0702525115840302
ck_cdabe60ab59f9d5a,0.007718443161509405
ck_bb84b2b30293f566,0.5499301976701771
ck_427b91925952cb40,0.048762070683679534
ck_1078b1e155b5b640,0.008600470669625576
ck_95fdc264eac72fa0,0.009711964852790718
ck_e35eb857c61548b2,0.9522686454141351
ck_69bd0b1abea7e1f0,0.14130496768102657
ck_59de511b20c842ba,0.02373046020147078
ck_168e7ea341a36b80,0.008067962316843008
ck_4937cfa6526ea138,0.03916176327271878
ck_bb1a981306b750ac,0.06717160713699463
ck_f42a43e4c3f34ccd,0.007678072605547725
ck_c7ae1d4b3ab38185,0.0031971366337532853
ck_bd23cf9bba1dd33f,0.027705853729478855
ck_0fd826fad7ec7cd6,0.01500136817163001
ck_f143641bf3dd0414,0.02052022265996706
ck_ad6d48c20a3688a7,0.005896144891550661
ck_7bda5b5b927b2905,0.05446581943226135
ck_a337eb38eefdcc88,0.037521151733628785
ck_403da2a2d800df9f,0.19303522827419844
ck_aa01d5aafde73d0a,0.002480545239441701
ck_494954023f0eb309,0.02745662221247351
ck_1c6820fc38135ad9,0.011454504493261247
ck_0e0bab173622db9b,0.08367458217263857
ck_547090bf35a3b243,0.02291799040890187
ck_d69455220b21dc9b,0.006724505983048993
ck_90b4ac695b9c6bf7,0.004698329251097429
ck_8d2afe17c0082e6a,0.02542129225370615
ck_926b81c0ba528eee,0.07449245713944946
ck_ce36b0c287bd198e,0.02474991242496291
ck_8026e017909aaa6c,0.013551350548453816
ck_dfba788f35d4c372,0.005402613544192075
ck_f09f9d0e0886e0c6,0.008705715360039553
ck_4ffe0366df388604,0.014193085698693621
ck_75bb521de55644c7,0.02038709776856347
ck_81a960fddf79ecf1,0.9778818378151722
ck_8f43459991ea511f,0.014102372299638453
ck_f878b68d66fbfd4b,0.005417109872992933
ck_e84abfc0c747c9dd,0.9514635551127386
ck_3ad3fd3cceb56b66,0.8614474544825532
ck_7cf562578c7f158a,0.005588110722892485
ck_f81a97d350397306,0.0318643475695974
ck_255d87b7fb40caa5,0.01674160569675051
ck_b3905153b9eee924,0.029366860483624718
ck_2c80a592fb4cd6a3,0.0022572229375915527
ck_57deb202d4188a29,0.009812677035667844
ck_e3cb5f31d8e94448,0.9885331151431829
ck_0db62d5f7f75f80f,0.026909899836546416
ck_ced9163ea85589ea,0.14712540602062985
ck_e16528edc694fb33,0.9582017727376309
ck_78cc5ec4940fec3b,0.018575744974284217
ck_31742076e9a998f8,0.038011739973851766
ck_5ac335f02280271e,0.02753713620032088
ck_7cc2e091806cfa5b,0.0266526579557608
ck_3152c7115257f084,0.006348354730844257
ck_ab1b9d019921bca7,0.009780346374710612
ck_c33a762d98f9b290,0.004198814086703747
ck_b16a7c51b6f7a6b1,0.11919858931665307
ck_97402a153348e68f,0.009206548959953674
ck_95391029a21caa24,0.02292513070428638
ck_c2015a1200971fe9,0.014141793719094435
ck_ed4427962c68918c,0.918479853295833
ck_c5e4a17d3efb19a4,0.29294899009244857
ck_8aec3d3dd51517c2,0.0042374450025512616
ck_f5178a658225d8e4,0.0028125805684742935
ck_8594f165e95316d2,0.002303461258859271
ck_f0c4aac04076a6dc,0.008668942697869273
ck_ac2f7397801036ef,0.024297562451328435
ck_d1ea4bcc407c7d5e,0.042317965882658924
ck_cce8b6657a538fe0,0.015241539616067659
ck_66d0c6d6b67a8d58,0.027065492845285553
ck_1a6b30320835e57e,0.014278667683230592
ck_8cd274cc85aa35d1,0.02432567376479006
ck_ada46085a78280e4,0.015454934241196283
ck_ce1b06623e4a815e,0.012247687574356545
ck_45e70c8a9686580c,0.035106490243027755
ck_0084d8ab6b1044f3,0.006355214923558605
ck_a5f7b6fed6df2aba,0.058791198202065326
ck_94940d783e7988e6,0.008853204427853976
ck_00f9ca84d1d8ae7a,0.0037493272614844576
ck_0deb56f3f6452818,0.009468785589502902
ck_a58e900469dfc3f0,0.015009629649791086
ck_028c41b195280980,0.009859997936429245
ck_7661d7ceaeb19f97,0.0175135699745421
ck_6957905a65c47879,0.06752259405745528
ck_f7c6c26ef3c4ae06,0.02787108490993713
ck_8777beb11aabd66d,0.010342431886968956
ck_7db098a17374bbf8,0.9364144863498327
ck_66aeb00e44486cda,0.6412749391351514
ck_838c52cc1d315ec3,0.04678798594065216
ck_1745847cd4e5dc83,0.00690241881976026
ck_201687857ec8b3cc,0.01606028351354532
ck_81818169208a8cda,0.018520359367650473
ck_3303fd3f64632c7c,0.04936528216745772
ck_edf1096809e83ef8,0.00333826028042846
ck_235ce9603c7dccbf,0.05300210248831903
ck_9df7e153868bca13,0.004636754506654326
ck_3cfeade2cf270fee,0.06584019617867162
ck_982b0bf2e2b6c4f7,0.0071757799364318645
ck_faeb0da678bb86c0,0.004256958327208959
ck_e86ad2fe815b6ed9,0.05679953252822389
ck_70d69e5d1bb99e85,0.029233653323497276
ck_7e9a8924eab779e6,0.9213934915793179
ck_019d5891103e7da3,0.01166502718918108
ck_14f0484b3817eda5,0.010482550772491715
ck_85de63d278f0fbae,0.0032578663764797735
ck_ae91b4cff57fb3bf,0.007189883905948032
ck_2a6d43b9f883b78e,0.6750149451131483
ck_7a4e3d553e8ab5b7,0.10415547858270945
ck_fdf89dc69f700f84,0.04374633419756199
ck_f92e04024bf13558,0.0013985561659034238
ck_4a522ca2dc4831a0,0.0013747365288891925
ck_68ba25dc3385fea1,0.025977478136072173
ck_22128a4f0d033422,0.012878762744448902
ck_5b52ee0a13c71590,0.007403799117259539
ck_59472d17debedafc,0.00705099227295255
ck_9dde2c63acda3ba3,0.008982790675012035
ck_7510b1023cd08531,0.028410247231718734
ck_071ddaaf2e4e3671,0.009002432857819605
ck_1355db6f4010232a,0.018572488743089963
ck_0a7adc2f27f98510,0.04491468495794927
ck_68250033717cd59e,0.007238895679241515
ck_7c12de74de30b788,0.3080433925391027
ck_65491367584c730c,0.017518382995628228
ck_e9047964952bee70,0.037266717548776515
ck_5567779d6ba184eb,0.015922088433173293
ck_d6ea026357ec6477,0.01174097212886504
ck_cd7dcc884e283746,0.02641973476533197
ck_0bd77fea8ed75a15,0.013118753024021641
ck_e80883208e8d0453,0.013032167121737596
ck_2ad0ecbacd5acf8e,0.9585347554846492
ck_6c1dbee7e8fdd5c8,0.025179852613204528
ck_ee4d9a7449515908,0.003935675851437037
ck_636111f7f030496c,0.020827258830896016
ck_2c629c657f73941f,0.009435114681395124
ck_c1c9d3842d758420,0.056785994053791644
ck_e4df7faacdfe8c40,0.02137723321666639
ck_94e8142728e44380,0.019967198892489185
ck_765aaf42c5088545,0.007319942227733408
ck_e0f845159b6e6a4a,0.022903722614889047
ck_5bc07deb82edbad7,0.00323402556253684
ck_713159c5c6a7a4d0,0.9951198535938104
ck_b08afc91d9ca55db,0.01749096556196366
ck_a7bc323ffed2ea97,0.2731165010609563
ck_85ca825f905a34a1,0.02102580821357786
ck_33160c443d4b3f19,0.01596723028795298
ck_832d39c590a3ca75,0.8437907562291822
ck_7d1661a34164406e,0.9477767075068804
ck_c2466fc40fc9d5ed,0.9874923904402142
ck_ed0e776c0926ce67,0.06894521299452902
ck_cdd2ebeec75bfa69,0.6778027791906479
ck_d7877684c7923ec3,0.010147608908877344
ck_7384d4d2406aabf4,0.008897570815390471
ck_b8e5244e650aa81b,0.06968122052029892
ck_25a1ea40b2d59254,0.0034964623801522635
ck_b9e5b318ee4de68d,0.016400528495166142
ck_620d7ae27af83cea,0.025425400528914236
ck_40b4e264d1a12b83,0.5815359491065191
ck_b694c803b62862b3,0.03462112704765928
ck_cbeca201dbade3e5,0.024649568711689666
ck_f9b439c9161c3e52,0.006009438280379427
ck_9880410fcd10a28e,0.010877184434119417
ck_74928f5f91aa12b2,0.06750073110356848
ck_b6673bbe61d2680d,0.02302175549096508
ck_53c8315b5c30acb4,0.0074945058519027335
ck_78f01d78ea79642f,0.011891316429303028
ck_8582490d6e365a63,0.013802554925143717
ck_af25c72d16299258,0.005970714351177486
ck_7905fe8e257b0449,0.18018226398724857
ck_0d16d9349e4a9e08,0.02045277364509919
ck_31b16b8848584e98,0.020941165436019878
ck_67207e3eecc02d76,0.026644086851767276
ck_e6b95ff91116a592,0.01049310797782543
ck_c08f622bcd6de6e7,0.01965502773670979
ck_f9a68da9e0f0bc85,0.007346098976524794
ck_4072b59388976896,0.012942012879445115
ck_8ec86e853ad52828,0.05618700752415273
ck_4fecb87eaffd5cb5,0.005085249229630296
ck_d6880578428b965e,0.07262116458619053
ck_bfc82b3c1c9f2897,0.8628437320540516
ck_c340644176ca03e7,0.013096730531996104
ck_321e740066fb05c3,0.3715704811853615
ck_8929d2eb09872052,0.10785293741767588
ck_205c107cec528414,0.7593781152175256
ck_e76db7d2562f9836,0.03991004870832358
ck_9ede51c8434cff6e,0.03343064163182743
ck_492e4b89c61b7b6c,0.015082739835150192
ck_9385f5a1eeebefcd,0.04300576561930766
ck_ee52c7bf88f952ab,0.015651239286173735
ck_d8116c34302021d7,0.00242173537331347
ck_01645ea51972e99a,0.0267006862205562
ck_7b45ed23304a854b,0.013982683164430555
ck_2096d32f3d497ea1,0.11003944330536108
ck_dfbb2056f1ef7d3b,0.020547132976644844
ck_938ce30c864bc7df,0.0022695208774648474
ck_ff30dda2c881a4bd,0.3803861576554213
ck_f88c79186a082beb,0.17077844223673214
ck_08c7bb0f9851cb76,0.0659110094773429
ck_2675e7a008e584a7,0.04743097703740301
ck_cbaf8a954281d4e3,0.9364613125508245
ck_8b24eadf6c72b30c,0.4933573198135732
ck_ffc8e3c1377d0706,0.00347291120198971
ck_5b59e859bed5b40e,0.012807754978568873
ck_7b61717f172f9317,0.9056863168227501
ck_e5c30947b732f661,0.06601238685459163
ck_bc273f3ce79f7e1a,0.007518611662040757
ck_f69e93388b3028cb,0.061589772475747304
ck_3837ad850996ba60,0.02080555196109477
ck_36d78ff3bc033ee5,0.012800560235822578
ck_5e20953547ba4135,0.07497014276336646
ck_258d661e450ac870,0.03593643524117707
ck_1df66f537496ca59,0.11654830658199541
ck_361f535599110201,0.0077314564958929
ck_337e98c69f6e7886,0.008468543541489942
ck_d3d5b2717cfc3913,0.06486673659572756
ck_b1dba768dbe7affe,0.023977412990747512
ck_92d782bd9ce0d1e3,0.01481555115306159
ck_26bd0f8898afc8ba,0.004020113336432921
ck_7916e53daab36745,0.05165230779923481
ck_2caf553b31831a50,0.005238580276081488
ck_c6200734c7f9b2f9,0.9553602985422891
ck_cdc55623cb16e6a9,0.0036834938343260114
ck_57849e15b61c43b4,0.0024952853460016994
ck_b7af9b2ee0eebbc6,0.034196440408044024
ck_00aa5fc3b3bc66aa,0.08687930618898006
ck_9929723f65636c7f,0.9782428872888955
ck_8f6cce9f69912983,0.007886620979542878
ck_c422ba389ff00781,0.003648354971161607
ck_9ec7f334604a228f,0.015267477829490056
ck_5d01200ba3341462,0.016262469169231315
ck_2bf10be403849c9a,0.015039784708072178
ck_6ca018259f70858f,0.009058108400766627
ck_a54dc042ebb7c766,0.47361493633193474
ck_79da63fc100830b5,0.015038097517131158
ck_67ab6f9e05c85085,0.01145439581899313
ck_fa80da579ea9afc0,0.006354017096531484
ck_4339f86c87289222,0.8602521044895715
ck_a2299b4f530be0d6,0.09549764478336387
ck_19db0bf788697c2b,0.021121026226945814
ck_fa4211c4d826d830,0.004525964132899532
ck_96100d5e8e051e91,0.005277275608806556
ck_5c3a671883d58b3f,0.003028910384858971
ck_2d9524787cfe1ab3,0.8422885388414673
ck_47ab8e51e5b3a2d8,0.002887740008437215
ck_c924f36bc1bbbaa3,0.031284258859313165
ck_5c58e7f8fd55e26c,0.025570894012655644
ck_a07e7409d6d5aa06,0.020355279621309775
ck_c8413898f5f7cb7d,0.05628789216044001
ck_577c816b41cab002,0.9677516374377744
ck_9f7807ed64cdb728,0.04188419397065285
ck_495d814d6d6d521e,0.001409952766139393
ck_7aa8bc018c2b003b,0.00365256591802299
ck_7c3a6a82f3c3241d,0.010833271034916674
ck_487f7fbc290e4ae2,0.004891067744857875
ck_e556c4d36aadbe03,0.002423548330656154
ck_7e6569a1b2455cb0,0.002573381945294861
ck_de2924955926d046,0.01738728123910084
ck_73d60b4630e3937a,0.004301861327626293
ck_805ee564bd35ef15,0.03483162807878497
ck_0d40961e47797027,0.006027645395595943
ck_f06d00a4f9c87d80,0.004831406045880153
ck_5ef50fb07b6737d5,0.01091686144046319
ck_16541fc15683e21c,0.009679851613409899
ck_09fd43f1b7e2eca2,0.002857498260550538
ck_2a2c336a69b8d68d,0.0341295757080545
ck_2685f38930866af0,0.022918024511936287
ck_298278a9da874437,0.006974544555779303
ck_00bd7803f2530c68,0.016175415283740648
ck_c2b4a1d8c0b6c1cd,0.0025360261020792186
ck_2acb54ca20c3af6c,0.0176506692049913
ck_e3d4b6f681c783ab,0.03452080120737873
ck_f90293f1eba5d7b6,0.028054951069220485
ck_e69d27e8965df0be,0.0018095406465268675
ck_b7f5d10b427346ad,0.017033660261385176
ck_1ce20e4223a936b1,0.023555353998258012
ck_6b97d1ab90f6bdeb,0.032416705632176336
ck_e30e17db5473c7b2,0.01902707394063967
ck_154c8efb19dee665,0.011195014100181172
ck_6f5bb0c930644cae,0.992998977993756
ck_9e17699baa83d173,0.0024023915009114185
ck_9693b1eb70880205,0.009327727224831472
ck_1e97899875bb427b,0.01760780525084243
ck_558a82590f65df69,0.002548714863153116
ck_18df83242ff3cdbb,0.5772747399545667
ck_80ad4396e1084c68,0.039766154034586096
ck_0a993bc947bab61f,0.044039925483146856
ck_5c2d43ff841632f9,0.014154103015055259
ck_6e4b99fb9725d9fa,0.015868701772740613
ck_e0983999ca26c19e,0.10571878964100445
ck_6573c4947cc8607e,0.11872706484727667
ck_d879d645d6e44207,0.01125554311146408
ck_1375ad9f10688e4a,0.01898991059905411
ck_7501ebbf4e21f160,0.007385419305976441
ck_ca60d61cd4dc3bea,0.004414228622755533
ck_ab9ea095a5c58b4b,0.015542670956541257
ck_23756522b58df5d8,0.002437697835686341
ck_90bc176c43d85fd5,0.06818302954230221
ck_908b663b2dda94ad,0.11318458607281784
ck_4df2fb8e4b649e27,0.006706073213076287
ck_5615c6bbdef05291,0.1558693284857533
ck_b62f3e3185251f71,0.0017735076641127911
ck_38d1a22850178f33,0.004143895010479929
ck_5b3ba20c8bb1383b,0.010963552888241693
ck_5576ffc6aaf6f22c,0.001855091625847762
ck_cf7a022178165e56,0.003126391813972988
ck_f2c7a4c50e2ede96,0.017788354755052534
ck_285719c77eadf915,0.0036868870717807673
ck_f2aa1b677619ab19,0.012253044422378054
ck_3830c58d841e9e69,0.3837402533360006
ck_32eba3510c8eac5e,0.00912376408355723
ck_8955d7b9030d5eb5,0.022174159350156517
ck_6775e387dace7525,0.06083077542236284
ck_0a0cd7f4be606a93,0.04921899666038466
ck_a9f700eee5d638df,0.009484508847401804
ck_3d7db96995745472,0.02027900554365893
ck_aeed557007d52e9c,0.003274347571682103
ck_79b6a86830156b5a,0.011054412390495726
ck_6a1ff9d69466181c,0.9966825485849828
ck_f11b1565f986f5e3,0.011514664777925544
ck_4819327a78615485,0.029444397476983155
ck_3ed9e081959b2f5c,0.009163710750698412
ck_16af4be191c47d3d,0.002539875913370245
ck_25122cc0e8b1a662,0.03973468442416543
ck_509c22828d467ba3,0.038162792418181254
ck_31109c899336348d,0.08607239867479421
ck_c51131e53baa59c7,0.004210636679884576
ck_cf8ecabbc61d3e11,0.009089906281560006
ck_eb6baff0f85ba936,0.017322941628640415
ck_777669e2243204f2,0.6839490336492521
ck_ac0ea27e692acdc9,0.05368233868008608
ck_4c6ea04ce8ca9e2c,0.0052139331946580315
ck_ca54b32fca7e94cd,0.0037610685312411
ck_4dfd8947f540eb24,0.013967142743711851
ck_95aff1fe27fb24bb,0.013150952319151313
ck_c7550723b90e5615,0.005197378929531963
ck_57b3fee69bdf85e8,0.0035242140535080694
ck_f823407ace7ff064,0.07584095713611788
ck_a69084a068bcc8aa,0.034549920077082616
ck_c7b17f7b24bef5d7,0.023088729288923034
ck_7c4e588f927c27c8,0.03685751136191279
ck_77fdac602d0c6f95,0.038256945838039624
ck_e963d8525018d072,0.0192766586519221
ck_6e8ebaea8f7bffaf,0.0019320218649321785
ck_aa42976a31cb7770,0.0039589978092609305
ck_22c862a496008c96,0.9909906457798958
ck_527550dd15f38782,0.021879220837918507
ck_b3ab3c210e2c7c19,0.01957547219613341
ck_ed9c56fdb9f45ddc,0.2048207500442007
ck_b53281da70defcfa,0.009914796578816196
ck_03009b721568ee98,0.09219282228293245
ck_3d9afd862b3f4053,0.1381340726867795
ck_ad3c4be96599554a,0.011817966852820322
ck_d1c787c27d50af49,0.038408812367037984
ck_c7a9c7b2eef46a99,0.014826451192304385
ck_53036d3c6c74446c,0.15493394457773602
ck_1b1efbd9c0964c8d,0.022485698773380122
ck_d66f42a269d5c1ed,0.03137403827530849
ck_fefc49a2b8ad993e,0.01603852238764058
ck_8b3b874249adece9,0.03137357452172688
ck_193d9c87ad3f1dad,0.0022708463435991396
ck_0c6a50d747593b7b,0.019124368711113955
ck_c830f3830875b47a,0.015474040200474628
ck_79e202f06d8dfe42,0.05640452828004208
ck_5c0fe988b8aa7fcb,0.08188489678596281
ck_a8382d8345f21e1e,0.012145873781539524
ck_8cb20053914692d0,0.028193079095566776
ck_1da2f69023ca4c13,0.004625930159253479
ck_38abb60995114f8f,0.02108491684945599
ck_f5791fd8fd8fd191,0.014889000100768438
ck_a4e6fc391b674335,0.41152706374152415
ck_bd771efb4a7e15d0,0.008168749580360546
ck_38ba4a6b6a292054,0.061292564880255196
ck_f7a07283345a0dce,0.005061677847993668
ck_87dc484baaf5a23a,0.0016917586440392753
ck_c84ef83489badbfd,0.032429998997172554
ck_a397cd64ec5d644b,0.013467049887667703
ck_7977135c2ff61e92,0.00624079982923356
ck_52174855b243a8b0,0.02779061689057328
ck_0f35e930d0614613,0.9956626005834508
ck_b170a7db522a0d6f,0.008931517022885572
ck_7af748a23775bd54,0.046421023084160344
ck_52f641c9ee6fda70,0.003711101216228904
ck_c3719a30414bbb4d,0.10633222387662644
ck_2baf214ad6bc0dbf,0.03760435078521712
ck_8b39d8aacfdd72b4,0.011784350995403559
ck_d39b0152116203be,0.042762450786391126
ck_ed33f8a937f9c7c8,0.00719563933307444
ck_8ef97b55a5fd6ec9,0.008472820983309235
ck_8247f008a14bd1a2,0.003784846566333472
ck_f0d349d68249d5db,0.004311499358529543
ck_a544e766540861fc,0.046770650119294696
ck_9dfaca4c7c80b10d,0.0663611324097626
ck_7e5401c362b2216a,0.002311470836623834
ck_64ff60c073fdb6db,0.02025774409393875
ck_fc5ea49518e5d637,0.004212889985331635
ck_580f136ced341298,0.004918777121074013
ck_9cbef9bc95449dca,0.02288701474041602
ck_e475a3b8ba870a7e,0.006560308725711053
ck_97e94708bcf43563,0.010552228701868265
ck_13f03ec785cbdae1,0.0061805113956976115
ck_152820d8817f478c,0.00799254201502594
ck_d20d4ba60eec9945,0.014588483061909395
ck_5c45968a805132e0,0.0185209666975413
ck_bebea2cf3063fb24,0.017318953750571468
ck_c3c69aefe7ea1d2f,0.023173314848681986
ck_02028b72f26fe855,0.0065151887002938644
ck_dfadff70a58a9133,0.0021264627477709246
ck_6482ed4491bedcaf,0.009064564131527748
ck_754cd7b4a5ae3f94,0.0460326340557153
ck_3132857aec8485bc,0.0031925826255029136
ck_7ce4ca91b8f9f1c1,0.01819355658783837
ck_41938582f4351772,0.008446809187230599
ck_f87d66946252476c,0.05140812532131373
ck_8053f1879a9b4e43,0.004629586034391279
ck_93892e91387f5103,0.015578294581357333
ck_15254db133b28371,0.027620487980832352
ck_d557b9feb241b3ec,0.0023803377347065753
ck_71c3a8e4c12c989f,0.006598421289555277
ck_80e3041811033443,0.027169233553391632
ck_3380d60067b4634b,0.0023294835896852536
ck_a9c2cdc758df8510,0.09166580407938178
ck_3c0031d7514da17b,0.013734356186859104
ck_18d214b1418be39d,0.007783335517695303
ck_7ce768407fd48321,0.0338595123187048
ck_7a50abd42298133b,0.011591354446319677
ck_2db10f987d137582,0.08326689853798633
ck_e077d004cd1d80ae,0.009160969027227213
ck_1cb6dc67f9a321b5,0.060059726516876286
ck_b864f64101149c35,0.7330007379304635
ck_9bedf54df9418e4a,0.0062838954923921594
ck_c47e32c47f0e6578,0.10389498029126237
ck_71f382d5e338daa3,0.054511928784460095
ck_14b4bf7be6ac2b61,0.04055177789522605
ck_5c87eea1cc07cc92,0.019087632348692884
ck_5f445182829ef342,0.017606562827190177
ck_a5d7311291caaa54,0.007179513176151772
ck_b7df99aecef385e6,0.0492699307259133
ck_3327a0582407068b,0.018642837414702074
ck_08dba09fd7dab896,0.014791512349641147
ck_f4ec334be5266378,0.02372816436894701
ck_240f7f894c5a86e7,0.004550438592124658
ck_a9d994554fc14a02,0.0010341437978967764
ck_13648cbd306eee6d,0.01164517640039432
ck_601edf9105b3c321,0.9850670423552469
ck_9527adac182abe57,0.8529924224436216
ck_4e0e80f5cc271bf7,0.0018899739792586467
ck_96a89e720176b389,0.025852324016222464
ck_63560eec94b76d2f,0.014385559478752198
ck_c9c99e5b19aeced8,0.003026326502968523
ck_bc32655ee5ed643e,0.019582149640794605
ck_edccb5a93b741744,0.010290859657932905
ck_f786cbc987b70930,0.0030131431021061155
ck_0e8f26536ccc8947,0.010649281092928856
ck_b87ef4b98cfcec4c,0.013649974547630995
ck_1a9235812de4b2c1,0.016987208737462407
ck_d1ed88ea4211ba4d,0.002369391401042553
ck_a4ddac49657a4450,0.020684983279247143
ck_d9ffca35188e49d8,0.010031761529824898
ck_3db73bbe03c3d240,0.002744150792018622
ck_fffa0622344a36ab,0.0018980725773756972
ck_148c28df51bba5e9,0.9044325621203834
ck_076cbc25c8f15fc3,0.9658554049343346
ck_e5ca550b39ed45bf,0.9144690168064064
ck_8dacf3a2061ca17d,0.019917888457777116
ck_2d7394afd61643d0,0.00770480371470236
ck_e42206e91f6a1752,0.006587115743385006
ck_2f4f94827984c426,0.0013297194824055257
ck_edfe8e90e8f4366e,0.008096998467372522
ck_646b15f753e5e9c6,0.017481557390734342
ck_66600620149c8799,0.00470348584562357
ck_4ff6fc70bccfba96,0.6765778234236222
ck_41af3729590c2484,0.007559906889232475
ck_920a48ba8c583e96,0.0057043117170586565
ck_0253b3e7be021306,0.007620740096781374
ck_2ae6949246ea2648,0.0092041363455691
ck_db23a5100f338d72,0.01315940302410898
ck_fcb2a559474c3493,0.0164060397791715
ck_0a4d7acd2a53cbbd,0.010196741531666137
ck_c5d62b2b7a6f3bac,0.9131624412584266
ck_cf59f4fc0ea690b2,0.024035238735931712
ck_837be8126bb19250,0.0026314810964680087
ck_58955542edee1adc,0.0034920938647800223
ck_1b93381d8eea58d1,0.006667635229346279
ck_97b8e05d62abdc14,0.015263783090404512
ck_71a0d645744302a3,0.010492843131421868
ck_a7b57882ab66b111,0.0029567262222271926
ck_65f76421be648549,0.010979409588704001
ck_b53ea8713d32ca7c,0.02439283143544181
ck_991c4c924a1d85ff,0.8895165024232377
ck_8432ccec1a4ec7fd,0.9773153593002553
ck_64c1633297f43788,0.005677013390141768
ck_4291fd9c1161d8e1,0.01948777298829163
ck_5e98ed6391d9f429,0.02446884114226351
ck_c7baebe4549fdbb4,0.028872589472698114
ck_6e67225ba59fa5ae,0.08476566355390813
ck_719602def4d35fe0,0.015464963477476978
ck_bdee7c86f5ebe81f,0.021071502921216123
ck_8de38f8c7f91961f,0.04295580956874532
ck_b0b5bf9254700402,0.009783537305880323
ck_7b55d9bb1a250d4f,0.02689072135645898
ck_3954b7b0fd1d6614,0.0022015632321221723
ck_f29471fe7c818d6a,0.006155059619542848
ck_9e65a8a2f587691a,0.015753505818896677
ck_eaec5f1a83b66eb0,0.11574848604198915
ck_004fe0daecbe2c1a,0.0047333205721802486
ck_d17653a4a2d4a79e,0.024468090446927333
ck_0dd417fcbf19e424,0.02186022805649173
ck_4c99a6eadea143e2,0.09545893268005973
ck_74d602c907ee9119,0.0026190478877614796
ck_1aa87cb62acc0ac6,0.011812941271105664
ck_094974d75e29fb2f,0.07281547284777007
ck_5ef935ac3d4d3332,0.011242878723708553
ck_b26e4ae47c9107ed,0.5888244459600662
ck_396cea6f95186ad2,0.016978020964849017
ck_48446a9e8184c7d4,0.001822053186343225
ck_31e1ede23247d56b,0.1204532890914676
ck_7afefa349b960a3e,0.014183916992942051
ck_f5e02a3432571b20,0.09044830188631076
ck_64eefec062592c43,0.013278934058541894
ck_a1201284122c141f,0.02921468576973246
ck_1b34c420a4c85a95,0.010959874529653876
ck_d637a011332ba67a,0.00973008603617972
ck_99c0004d8b7079f8,0.00593492457762234
ck_948517bad569b40f,0.028466630582927734
ck_a28d6b1601b472a6,0.013785856624528556
ck_a0b4209feb31f5c0,0.9923271543528291
ck_d6d2c1f6dfc455b6,0.21406367728608441
ck_3f9e6d356d3dd3cf,0.0021959281092179313
ck_d08e00c842b75176,0.008207695765496676
ck_bfdd232a7c5f2660,0.02131070357535434
ck_2cdad03ed069438c,0.014861053973872359
ck_42317c3eabd0a285,0.09275475075857864
ck_3eb73e56751c704d,0.03393544251260425
ck_ef33c04f4c9e3758,0.03612893010175303
ck_1dc23dc870f1773d,0.01691830811396402
ck_76091f357974a152,0.005835966638439869
ck_4d9eb75e8eee90fd,0.028556185092407645
ck_578f67e69e5d2cfd,0.005013720591651085
ck_3a8ce1cc724229b8,0.0022085683084742186
ck_a96887f841e80fc1,0.017657219516687743
ck_d2d4a8f4a9f2c33f,0.012286286350236581
ck_11f85bc705dbe036,0.01706988078799477
ck_7429b3f87528e335,0.006216965404607708
ck_26df74feac7ec51d,0.009212836976824455
ck_c78b2638fadd91ab,0.014275301256950087
ck_7eaad325abe3b50c,0.0019457759359111314
ck_fd44e34af620e606,0.013163490972138474
ck_f99738dff854e25f,0.004290988398686724
ck_1ffbce3a239bb264,0.004838781516187929
ck_96c7d52ba0a766ef,0.05615505127667331
ck_cb1c00c300af3f9e,0.016010987424257533
ck_ec3d12848ced99f2,0.02474087302861924
ck_26cfd7c3c6c7bf69,0.008615768169331073
ck_7ae86b5a885affc3,0.04326651528353981
ck_3edaa94d28cd48ea,0.008335598290160097
ck_3209c530c9812e39,0.014227156944198904
ck_ea62ebfc1f04b49a,0.027285143825229792
ck_5fc90b4668ea81bf,0.019476127845909207
ck_95654593cdebd141,0.0023861252452867304
ck_958c0bd61820147f,0.024195730533281362
ck_8440ef1386c07194,0.005664912774777334
ck_8cd1b68dd74b1375,0.06803886177408494
ck_c9eb4df91ff07f2c,0.01720453496733365
ck_c29489366c01fe65,0.9724965651187698
ck_c965fd6bec0f0ecd,0.036673812559462116
ck_84c402b23766e1f2,0.03251659881648064
ck_181f3dae03b87136,0.07339446753396983
ck_022a8ae79eb28cf6,0.9883834124040138
ck_469c17407d17b706,0.054735516530448655
ck_1fcc5843f39148a9,0.005138816579846973
ck_5debd55f361b2ddf,0.0022976285734553448
ck_28cb9b03e89263f1,0.002629166837074775
ck_f067470743d3c7a2,0.04446175235990699
ck_d5d225ce41a1a762,0.017787359814450978
ck_15b4840922195ffd,0.018987186918661463
ck_6bcfa37c717f19f1,0.03453243388187508
ck_8d501a0386c66be8,0.11034080225720569
ck_1a9d6190c57ea7e2,0.6684165779812994
ck_c49832eabdac5bb7,0.00674334847216363
ck_b4331140b2e0d4aa,0.0074498650884554495
ck_5efbea1befdefe1b,0.2289117528797549
ck_72ff52c4824072ce,0.025599205816424435
ck_ec3715add8bbb6e9,0.0024227299965358775
ck_9822f8ed05335741,0.011857670189208124
ck_c3d7d3d12a1981a3,0.02049983100402983
ck_a115a7919ac5875a,0.027527176206624974
ck_4dd4ed23e0b927b7,0.1881153321909244
ck_4c76efcc1ee6762d,0.01285974226961549
ck_3ad6e7bf452c9b21,0.008721902065872894
ck_dcbab304b55a42c7,0.04057566915325855
ck_24b53090faf722cf,0.005878628195528035
ck_187317383400491d,0.003383971904385097
ck_e07fd57565c94c28,0.05302893703342306
ck_740e760fdcd27835,0.0033604575355869444
ck_d3796aebda1cfed5,0.76087486614645
ck_e541967c681cb929,0.011011049823741705
ck_431118050b834dcb,0.00850478474291275
ck_90f3655f0c8a0074,0.005676554092246936
ck_13cd943777651aac,0.013762734095478495
ck_66accecabf3901c0,0.026956381525620944
ck_937f0da2306b2eb9,0.015521514662857741
ck_105b0c93573fd5b7,0.036225034180000115
ck_00480407160e0743,0.005240182997286542
ck_e032068be7b77d15,0.024398077732137403
ck_991b7dfd69098320,0.0025245997893885543
ck_37d47cf0f34574a2,0.0021593661809687762
ck_011551a596544f5d,0.003489054373063237
ck_9acd98f4fe2d474e,0.0642772353316353
ck_7c88d3d377bb61bb,0.027993428610094687
ck_e2374c7136c964fd,0.022818832343264147
ck_2fa8f2577116e9ca,0.04567869221780206
ck_d07c5b0321c685ea,0.06257060743791196
ck_bc736114a31088a7,0.010677105351483553
ck_32bb42f9bff197f8,0.014045065883924743
ck_66267bbad1f1415f,0.9885585407840863
ck_19988702ccd79201,0.01008799691106764
ck_f473a03fbcdbc4b0,0.005293687260930645
ck_e3f1d85fa5d49396,0.012524576029967871
ck_c4402ea6291df271,0.04043550703194561
ck_243bd5ca8c4ae5d0,0.006478198100184251
ck_f271e855925e8d6b,0.1497943452062603
ck_e424148c6f2223df,0.004253207063922002
ck_e4d0a9e1102a58b5,0.008521056995715278
ck_91c2a5fe69b9b1d1,0.016499382280985894
ck_5fd8924732fe403e,0.4726155716512732
ck_9a881d5433126ada,0.006027735606950397
ck_73cab88b29c7845d,0.03765316257791271
ck_5b5dea6476d4e182,0.01157212242139359
ck_ccccb17d2ca6ce94,0.04146319534294328
ck_cd1dc68e441222b1,0.9518238886892811
ck_8312c49b1431a406,0.005806108456654179
ck_25fea39897f2a559,0.008281957308242313
ck_f56200205280bddf,0.02930465899384553
ck_7336611650dcc088,0.003368315572316804
ck_590716322ff147ae,0.021987356527512065
ck_c82364d87875a1a1,0.01581189484812276
ck_fa4b60387d744fc5,0.0038594493238906643
ck_d841eba8906e9a15,0.004151191733117574
ck_d6df562a79b9d0d9,0.01140925331150909
ck_59a14d2564193101,0.00442682374862179
ck_8530158e3d7f59e7,0.008487083049425618
ck_ac68d707006c12a8,0.009786146246247256
ck_976fac1bb3dd8c58,0.04847199057892704
ck_f854fba8f4adae3d,0.04921235270592917
ck_b98e9c3ec6e7d1e7,0.007278288356783313
ck_803c0b4cf9d4bc1d,0.026855741134734226
ck_76997a33c3ea5107,0.0019623265656253
ck_f1a9d832b700bda1,0.9826955448834771
ck_2bd96ddb8c323d63,0.9865033232680966
ck_9e5b7acf51b1b743,0.01816432280461159
ck_09169f22194fd6aa,0.09721235249905687
ck_6d69e092f9b0848b,0.012873887975058017
ck_9f83fa5a2d3b9049,0.010652300176997911
ck_57bbb19eecb4b87c,0.0026202244136307707
ck_e0e9cfabb979f428,0.007044548034133312
ck_b1ff9edc51d42f97,0.01296041058846744
ck_4682fad271d47eb0,0.9427280246170513
ck_ab33fb754c818ae3,0.021555175616052122
ck_b456f62b80e21557,0.0016142594034557801
ck_16340be3f2a7fffd,0.0020360054320012265
ck_ce66831f6611014c,0.01669190317959886
ck_4610a073bb54d1b1,0.12793701125505555
ck_fd038a7d33a9d6e5,0.0032554725534023545
ck_c8198cb4c461304f,0.020634986031205543
ck_1e7de58822000dea,0.007905104108877676
ck_b2a79dd3df560f14,0.025969253816790754
ck_74a06f347b32347f,0.014086828336005854
ck_c6fdb2972417c9bd,0.016526877536277833
ck_d7607a213b800bfb,0.027359148771503528
ck_df65967b8b40319c,0.004228764887151029
ck_329a73dbd585ee09,0.005850797727025054
ck_74991a9e85c3b07d,0.014346308062457201
ck_bb76609b79e0bc9f,0.011038564577968804
ck_f7fc1bd0b9ab1fa4,0.014839878012557223
ck_d111c98b36bdb791,0.003656269183372528
ck_f07e27d125497b66,0.08319015230103824
ck_093e3a7134e11d6b,0.01823439079069486
ck_862c7953bdea48b0,0.020662278612864442
ck_392cf2cdd515c34d,0.00962086644244103
ck_80eb91b0b4001084,0.06527053917470818
ck_5923f53b77193a58,0.08432520115315513
ck_8049f5fce32be185,0.7180874010287842
ck_ebc5a2c6cf88e252,0.06901171769256746
ck_9ea5872f14cce338,0.055879183670147575
ck_f7fbc95ebf584379,0.00845090808898613
ck_bafe82c870356706,0.9918640406615986
ck_278b36c5932d9bff,0.004765002272630375
ck_6a892dd5d05c1649,0.008181015520844163
ck_0734fd90b2cabd43,0.00882874652359478
ck_9b552204498b6762,0.017373436263303302
ck_f6c909c205767956,0.012428490581904008
ck_32f590e87bc3d715,0.0020379946013822374
ck_66a8325f28be7562,0.010126368619834781
ck_b129261da9c3c3c9,0.011560347316845111
ck_a524071c51ddde20,0.014957272099140124
ck_ba576d6d4cb6130b,0.18791429956682415
ck_8d8226520722af78,0.0866264054898245
ck_c5b0f0d4f1655a20,0.028214149036343804
ck_61814ae9b6d8eab1,0.009613687910432041
ck_382ebf136f7fa337,0.15049672643343348
ck_423ff4ede6a9f066,0.028897102162230046
ck_546ad962d04b7de4,0.9846899870595069
ck_9473ea4a01c95f9a,0.04712635106427061
ck_9eb1da8cd35a50ce,0.013473342895014182
ck_de5eaa2cdbcb67ff,0.04985491330969384
ck_537cc97d0398c922,0.06938480693966723
ck_998475a2e4dfad4e,0.004413440737196513
ck_e62eb708d2688fae,0.00832940292472657
ck_ea623358f704daa7,0.046403744059370394
ck_b911a09f328dfd4b,0.0028759214031098598
ck_4b3506b624e5193c,0.02614758823717686
ck_448456f96788713b,0.050387626919926355
ck_5d5ef9e75f65d076,0.019170912318643155
ck_3b74512f774a6e5a,0.004182729760010555
ck_a032e8ac1507c6df,0.8938694485785614
ck_7e2d6b22a0ae20c2,0.08005891565506873
ck_d80283209c963f11,0.02608730860358993
ck_d1157eade2ac3975,0.013202305613630762
ck_be48f583f79427f7,0.021470747071707298
ck_0027b5d4107d65d8,0.04271338850285196
ck_94fff69584dd3b2a,0.022020721858887718
ck_75fcda73f0b43557,0.030824216245163526
ck_a1c78972e4ee4082,0.043315428830553046
ck_f0982bbdbd122f91,0.0069116039978825835
ck_3199b471575aeb3a,0.003573453290615577
ck_7fa947a0b1c1cf74,0.023004394085552972
ck_a60c618b7f0e4252,0.024255989606497125
ck_722ac47c8ac9b6c3,0.2734786743703583
ck_d44dc3839a195c8a,0.027237037189065148
ck_a2c3e82fab520483,0.044329005146000466
ck_6f8ae0319c07cafe,0.003110266216984761
ck_49886ff1e2c759d6,0.013958392454000225
ck_150a1108f936e6b0,0.004313923066104136
ck_e21f9f96f597695b,0.017898544338324975
ck_7297bff2b7fdcbc8,0.0012184278508647983
ck_ee949c71f4f702eb,0.989168229266888
ck_6fc37dea4b4f35c6,0.09248401046658544
ck_e76257caa98dc25d,0.9483530546294865
ck_828eef2334e17b3a,0.01420714313592616
ck_604e1b8a8c693aa7,0.05060038534855355
ck_7743c9fe037d1f9e,0.01326501914354224
ck_864a11202e19e812,0.2789567976117987
ck_4ec040b9e3785e4a,0.002856960926160786
ck_7346e4f820d9c00a,0.9368564577278933
ck_48d4d63beb26b623,0.006658424471194563
ck_c423aa6de3ed1e01,0.0061803820377490945
ck_d74b2ead8aaa3f73,0.017188709900020006
ck_1dd69a11daa7bf1a,0.11270378703873493
ck_d9143e236eef177f,0.032178531554002084
ck_f790d91e5ff0eccd,0.1591313875994071
ck_69b5620e00ef5dec,0.0044112859706431935
ck_cd32e58e8a1c0e85,0.022222163084776394
ck_064013b0957d87a5,0.9853867824535123
ck_a481385c2e60dc4a,0.00301470064723755
ck_d72035cb29db3aa4,0.012888862921824555
ck_3759939a0205306d,0.013003703533584682
ck_f437a53fc832ec95,0.5675461448620797
ck_260ef2f3e6434819,0.0432421353243839
ck_35e411b05d22f663,0.023869610487245355
ck_8bf46e472f3e20de,0.11341970783532443
ck_d546994fc5d3e9d1,0.018664024706832934
ck_6ff0fc7487e737e7,0.3719299883934804
ck_5c67f27816ae0b6f,0.007623876397759638
ck_c5517923458106ae,0.010718625394302204
ck_d9735647a6b0b0a7,0.3894732779852362
ck_541a734fc457246f,0.03477652175809273
ck_2f6a639468f41043,0.014727241669774656
ck_bea2cf7a6b7bb900,0.003870369222832515
ck_7eebd0e6ad6c070e,0.056684138631508424
ck_b64c87d5e3b10e6a,0.9262539545286415
ck_9dd7daacb7833233,0.018493371354259713
ck_396e9ea9a6c6d7d9,0.17077801532314996
ck_1645e6cc53fa99ff,0.03640028319425533
ck_ea2a83ccb8d57490,0.0028834942123865974
ck_e64f0df63e1be595,0.045967539193776386
ck_fa0b234481cb57d3,0.0388046072942478
ck_63379e3c9fe6f711,0.02877806562440789
ck_c67f7944896a0310,0.04485682822191915
ck_c10e54c9db29e6ef,0.9862111367272297
ck_7184ad7709ae4c80,0.015848618667747713
ck_f8b6069d7577fde6,0.003771255995297734
ck_18444be153bac1ca,0.917949088084258
ck_d0982b4e0e118e4d,0.010630460131308216
ck_6faf3e6820398866,0.06624672143009316
ck_97e980463aca4644,0.0028946335546817447
ck_630c835243c66b19,0.989193916486214
ck_fe429ba3e1aa0e4f,0.009844530025748892
ck_1058129ed7b48c59,0.014105815391544884
ck_04a1a46f07885296,0.023884849901202904
ck_f01e94331067edf6,0.019329780474814706
ck_77b2fb17c29f5e72,0.010796165299657264
ck_4f0c5857da45fb28,0.045272015644281724
ck_2cfb9a7775e8a5bc,0.9676593881406403
ck_6846100e43659bf3,0.006596271843473283
ck_f89719a854fe11d7,0.033998430672627845
ck_bf47375e41ca3bc0,0.0032932436996524713
ck_2770b0400a7bef08,0.1456401744818756
ck_2a09d142de1c77ff,0.019819728611975063
ck_857a1f5547b9ad68,0.02202999674706499
ck_185f15b1523bbcf4,0.004274135943409758
ck_ab2aed614ec1cdf8,0.02203999418607001
ck_a9e7f3b2d5dfd97b,0.00885936138914509
ck_0eeb3d9b3e697edb,0.03474660283846749
ck_fa5830d81bc8ddc1,0.004021217220411613
ck_231ae0329ebc3220,0.0070444970351329
ck_1587763dd54688c9,0.011507064991509138
ck_9f85fea4490c00cf,0.03134221101340184
ck_a2d709e7eb91e4af,0.08572869414289722
ck_43637d28c7216453,0.001977871722014679
ck_f3ab5dd853d38252,0.07489754760790356
ck_4a1f0172d3bf4fd3,0.015508624861647282
ck_517620ca16505af0,0.005078187451603026
ck_9ae904fbef56065c,0.003950541022179002
ck_d5ef1f6e34bb35b8,0.042791245503050745
ck_ff42557857ae3aeb,0.0026577806661040645
ck_ad9a18f58589faa7,0.004210088302444776
ck_df1a6edaa3e6b271,0.003908738121073228
ck_99021fe7225b5a68,0.0772614963425816
ck_99e52c3c2530b69e,0.9812482280690001
ck_3a4811dc4a1a891d,0.0054308941139766835
ck_ba3a6be026c87079,0.01966694922842868
ck_da6d1e5cf6aba6fd,0.008468281968846685
ck_ddc7c1f3d45fe6e6,0.035386771255085464
ck_e1b1e7a7e4a15b3e,0.00860552275183917
ck_8288f7f226e08b89,0.006817773977570478
ck_c4524993ec31dbe5,0.0025865186236135474
ck_8b19bb5b23b6741c,0.024587623648449866
ck_d21b38231a8a9f4a,0.0743354991449247
ck_3f730318a9792292,0.016624193488546952
ck_a4db6e94a8f77f9d,0.02511368978777235
ck_a8cac8d480306839,0.0029022467141975035
ck_5472214011fbc2a7,0.006505203885165598
ck_7356f47dbbbe7904,0.014906650976884447
ck_16801e628e883d78,0.006343291850484694
ck_0dc1e536231c4860,0.017970006920663088
ck_7cd0634a6e60af83,0.05565093893484323
ck_ef6f8e048ae1bd4b,0.005780064253046279
ck_82f3f744209888ac,0.013119724469646732
ck_f33188c232a03526,0.18143266596593882
ck_4a59f4e10bf45d7f,0.0017812784211481108
ck_d96c893721385e4e,0.00470403355631092
ck_f65ab819373edb37,0.060754588746695766
ck_21cac21fc10b7768,0.003954492929629573
ck_139b54e6ccbdd7da,0.03501477082998338
ck_d6f5c8741697abb3,0.031537341851376396
ck_a28d9bb5590d458f,0.09732988410272353
ck_ed26d906883bea0a,0.010494304494992748
ck_227602ad072b838b,0.00342570805240421
ck_39d5f6c17c745ab1,0.001914888157949638
ck_744eade757ba69b5,0.057316522311762985
ck_c1295d97cdf35ec2,0.022158674750230777
ck_69105f881da3c821,0.014870226469466627
ck_933789b55361d7c1,0.7242373165599179
ck_b667952253503174,0.006652188150238826
ck_7bf668e25abeeb05,0.010440529307774142
ck_91742711dfdffd56,0.022210328748799357
ck_af32a0660090dd68,0.020387888216665314
ck_2122f201e65f76ee,0.005761332589378219
ck_f48acb73a5d6af07,0.07523247206450367
ck_337c5684510cf432,0.02717451808983168
ck_f7bde7265053364d,0.011062973009603244
ck_c190c7b924edba75,0.210999385671378
ck_044fa3b3a003f0b5,0.016404847911105858
ck_87eb43e3b9d96169,0.028531482914689543
ck_2d3d6c9364362017,0.0016862336077303499
ck_ac55dc6cbcdf8228,0.01185065193305116
ck_61d7b0568ec5d6cf,0.014458368019905422
ck_89c74feeaffa7d09,0.0031739493332151856
ck_93776b0c113f41f0,0.07583811060999533
ck_15e0b679931f7a8d,0.008907050292775057
ck_77b56c49cfdb1d81,0.10379217396983509
ck_73188a826b5f499f,0.008427615722117286
ck_4f463ef25325ddfa,0.29411749901098894
ck_863db2e394dc47d1,0.9533331393217319
ck_d52432ed597f3cc9,0.010962399058499413
ck_04fb61e5739642f8,0.2379120446144858
ck_2e481d75d110c06d,0.054463579967190034
ck_3fa1a523d77cd619,0.022514046726774872
ck_466dc6274fecd708,0.01794158009450609
ck_e1790b3aa2241b10,0.952207350966024
ck_84ad096a46e1a960,0.031260428528938886
ck_3be72c9c178fa00d,0.006476727177733557
ck_5a17c89219d1d9fe,0.050929317561360786
ck_4f639f4ee6ce8d9e,0.06350451107177607
ck_f4ec4a935e51b4db,0.05294801716940343
ck_f04040a830f92bac,0.005714082355921079
ck_3e4d02a04be2aaf8,0.02891096085156164
ck_4d1baef193cfb900,0.03142029231706379
ck_0fb3153d37626b75,0.0024534370693293918
ck_88ec57a11b11f702,0.9528850886241507
ck_dca9dc465f759db4,0.004648659541324032
ck_64f5fba6af67e024,0.016476151600699103
ck_896096cb167254ef,0.026425453391018865
ck_7878679065876b98,0.023028731355735462
ck_fe8e5a6c880ceb4e,0.012587666777222886
ck_a5e036327d3d1862,0.00216476782636595
ck_310f73940fc4cf4f,0.011769842659164267
ck_46a8db16ad00b749,0.015602331402265426
ck_0d33977c3de8cfaf,0.9938950706485824
ck_c6fff412f531db0f,0.006560421601480244
ck_bac6dadf428eaea9,0.016577018006516318
ck_1b96d9af0d7da2d5,0.00879680106036538
ck_fa8a4a9e77799fcc,0.00335007887578603
ck_0bf48607a874b4d1,0.002967306293720706
ck_eeb75f8a6439f65e,0.02539415163362859
ck_a209a5f7d172125e,0.03721968562667516
ck_8f346b72fb40bf14,0.009228543411290637
ck_bccbf9fef367f00f,0.022083027090816894
ck_2d1548f1ee405cc9,0.006021437397993313
ck_e8298ff2dc1e9d50,0.004821118689507706
ck_77c0fb524edb4a94,0.014792175292787412
ck_28ac4c5134cb8e77,0.027044891141921837
ck_db23a0e3e54be60c,0.7968316936374458
ck_a059d00cee5cee99,0.009060235615872742
ck_3e9e3bba8bd363af,0.004055220292354931
ck_0428728df24cdab4,0.027756867808771676
ck_88cd35378075c84f,0.0022848799703347783
ck_0174d76398d9dc0f,0.02291595711353564
ck_3f1287e6c27de0dc,0.010510288561926049
ck_ff822700f3605e06,0.9931815965146635
ck_4563227b2038ae07,0.044929801340302965
ck_788e78065526ee19,0.02082249772785374
ck_8a16eb584093b12f,0.0022182305786667433
ck_cc276f71ab6c08fd,0.025839984561894545
ck_d61d97b21002f3e9,0.03923746893051029
ck_4b2e87d86a5e415c,0.018072852556776254
ck_3e6f35e4500d2f2a,0.002315835418953335
ck_3acdb083e0d8ad61,0.003800698757325239
ck_cd655202db489010,0.0028263803573664124
ck_829cbf5ccda481ae,0.013403284402279515
ck_f5882e6f98b8b4cd,0.0015393534887269036
ck_767947540b234add,0.012071734138597693
ck_a6e8e8f535b1f1d1,0.044469786313948476
ck_58412a2674fea506,0.02004902707882271
ck_fae7e518a585fa61,0.021315412607909017
ck_9c60ae6958d68dbd,0.1295768676048921
ck_328696b8f5e54ec6,0.07622877923164202
ck_7df3f8f4f1068d62,0.004582587168588495
ck_cfadd21458230ef7,0.02088732588324557
ck_7048bedd554c703b,0.00430584801621865
ck_50422466f145bfd7,0.002525497406826529
ck_61e1f7168cd9ff25,0.06559208937520088
ck_733aff0f56f5b3c9,0.02086922720048837
ck_e14892e424180549,0.0025333336528107963
ck_03f6664a96de7d0f,0.01570416189611088
ck_b7f4baa2cc82fe61,0.013340378342307922
ck_1e51199a075ca0fa,0.003241969053249726
ck_0e70516fa07cfb17,0.9093927504459558
ck_0f37c554a5057801,0.7896085316232999
ck_5576b725de38d106,0.01074838751879731
ck_82f360df1e9f4eb8,0.04120600197548213
ck_395f3bd4aacd7ca6,0.010675289344852136
ck_5e8e857b63966609,0.338479154524341
ck_93470896f0804b6b,0.9139340036372106
ck_3be854e42e76569a,0.022733172921854672
ck_0567302c57a2417e,0.05994464391254236
ck_ee535461b5f05539,0.8135363617474682
ck_94a096c36162a153,0.013507469021158552
ck_dfc8f5c141fd7c63,0.053565524770282494
ck_98b34f2d704c1c2a,0.007449667217185951
ck_96dff7a09d45f116,0.04945323185775837
ck_79557434c129ba52,0.008318590331736882
ck_4596624a7c01d501,0.017233165912352643
ck_04e89fbd739243fa,0.0021347881884413705
ck_6149ffaf18872dc8,0.0042272275129301585
ck_cd78f0832a09bd8f,0.47415658386679205
ck_7e29c10d781c3b41,0.00641467108862909
ck_1f7ee7b23fc6f2f4,0.0030033419061101297
ck_c49b685d2b3ab89a,0.008375305605019822
ck_84569a8fc50e73ac,0.019894988882768354
ck_b92b11d205af91eb,0.0018296823278483232
ck_06280e6d6d2485b0,0.008623054281604325
ck_3c08546dd0c92863,0.005892807558911609
ck_99d3983f907828bf,0.004705407663252598
ck_eccfd552aa652d3c,0.009736009381414928
ck_0cff8153881875ba,0.010830958993400764
ck_c1aebbeca6ab5ff9,0.005894237312130513
ck_538fdbbb3c2bcbbb,0.08612628969890555
ck_8c0210322733c718,0.007949371439203028
ck_0b0c93039f987abc,0.012449037953201278
ck_6d07d6d1bd227d37,0.03803045901284442
ck_9b6ee35e8cd0b11c,0.0038262919562563943
ck_d838491d3d4f5ecf,0.0025631265539707935
ck_0593ae243a9ebee9,0.008357239947404605
ck_ef261fc09be8eb0b,0.002765979518174349
ck_d0935b571a4a3868,0.03305736653452311
ck_97d04a67a104af39,0.031116126708958136
ck_e25f70d0b7229420,0.015395328561290427
ck_9b71274ff83de482,0.9246721261272126
ck_6de2aa2bb60978d3,0.01976040929954602
ck_eda55c8fb47593d7,0.00550822866524572
ck_924e572517515f19,0.4251740357900296
ck_d6f27eacbad310f4,0.009805127221849393
ck_8550f229b5eb03ab,0.0038741810906158503
ck_e3e95546a84d0ed8,0.029216759340023126
ck_3135c019696ee6af,0.93036062815683
ck_41ba315d8fccb559,0.007441817885236617
ck_72b86e4485da2d0f,0.9876113054004545
ck_daaa995f3c2f0e47,0.031448728933470234
ck_053746067839696b,0.01787995611333365
ck_a15fe7d0f4b65c33,0.8936380914991334
ck_15de11438732bb05,0.007991393792589068
ck_2c4d25acbe3fabd9,0.048334169615630224
ck_7f08078908599bd2,0.13848290690240125
ck_e794741742fb2619,0.01527190957705606
ck_238e53b6dee8c301,0.002030567173367728
ck_53a6a33060d5c8b8,0.004061874019011812
ck_0e0919292ad33472,0.9249555037761875
ck_d86ccf148c06c8c8,0.039363625576927914
ck_c881f26c9bf9ae42,0.43487508575596706
ck_4b0947bf94e9d847,0.0396416657358846
ck_e10ff5c38bd18470,0.021592032136049853
ck_b60de9e97aad9e45,0.9633440960676287
ck_190bc849e5ff5401,0.024540215318098937
ck_e7be077aa0b2632c,0.0030348855813632286
ck_a51abde881ebeff3,0.013949510804786723
ck_2208392a9f6bd249,0.02728532497730341
ck_0259da8f109017e9,0.0025033221707401396
ck_05e01ab9c95449da,0.021936931662890072
ck_c82897ebffb6ae66,0.028821822108350145
ck_b4a6bb4689cd7cfa,0.014995364799104002
ck_9e21ea33018ce538,0.008858425982031693
ck_caa348f0e65db062,0.9761077815014417
ck_a964e6b5d8415334,0.253590984941403
ck_510bfbbee37ff436,0.013838085086707143
ck_9741a82faf5c7889,0.06865757016821034
ck_e7f61b4a39ba98ac,0.006665228883687752
ck_069d158665a53909,0.014721112406829304
ck_6426427efe3228af,0.01313423225189454
ck_ab4a8d02ec3c0fd7,0.0027539883290419362
ck_aefa0d8d933e0eca,0.04715346724692445
ck_232325ef6bce92f1,0.010269660032780032
ck_14e58c3fb26a2b4d,0.020799754225750578
ck_06e73afdec26aecc,0.06630578987631025
ck_3168f4f2778d64e1,0.013293411303837935
ck_ff3998d6858daa21,0.001772695329880479
ck_bccff46fb0868454,0.10522115986686714
ck_c7d444d90fa86d7c,0.3679864274054576
ck_f0bc3bdee6bfbb94,0.014704168406773912
ck_f7112818a6d81422,0.039896458897607165
ck_aca35dbcb835ad02,0.037032416033107356
ck_f637fabf0f60528f,0.026407984868679193
ck_53d17ab97de1ac3e,0.0040439296176479535
ck_c8c1bf16d9113493,0.03523380767926444
ck_e842fb0cf055a83b,0.039062306958854015
ck_93c0cb3dac4891fe,0.0056483167968291986
ck_0c1f088e17e46daf,0.01908564735600171
ck_8f4b384955bf57c9,0.02002395821719054
ck_09cd5c4df1e81ac2,0.29149953651604293
ck_1e832a5b2342554f,0.039037653613333556
ck_2cb763a881aee27f,0.008766650149079203
ck_5875828b11406398,0.009760939868835842
ck_48e84b0cb0b90fa7,0.02041770106304996
ck_833688de8629c5c0,0.003275641061794418
ck_117d78ccd5820f36,0.006605866878423397
ck_668ec61c4c39cae3,0.003432231576371402
ck_73a7794b659d7a34,0.002560529327963378
ck_10f90d879209734f,0.012785850782398852
ck_d1d079913aa158bf,0.002315158955328694
ck_01c631b38e8a9535,0.010520892756502087
ck_f6923088c17a04e2,0.12225681126756563
ck_b447badc9138987d,0.007250528499059768
ck_8b772caed8f1541c,0.011183365262322255
ck_5403c76fe68a08ba,0.280208092607824
ck_3e6833574edf1736,0.046060976356098224
ck_e527fbb9450a4581,0.8840517601981108
ck_cc90e219f1ebf390,0.0018097683654269229
